instance,makespan,execution_time,machine_id,jobs
ins428_m=4_j=60_t=120_sw=l_dens=d_var=8,1041.0,8.748184442520142,0,44;59;14;25;50;57;38;39;22;47;23;27;43;55;11
ins428_m=4_j=60_t=120_sw=l_dens=d_var=8,1041.0,8.748184442520142,1,17;56;4;59;40;25;52;13;28;24;42;33;51;57
ins428_m=4_j=60_t=120_sw=l_dens=d_var=8,1041.0,8.748184442520142,2,41;19;54;16;3;18;11;49;20;0;46;29;36
ins428_m=4_j=60_t=120_sw=l_dens=d_var=8,1041.0,8.748184442520142,3,58;53;30;37;1;31;32;9;5;21;10;26;2;15;7
