instance,makespan,execution_time,machine_id,jobs
ins286_m=4_j=60_t=60_sw=h_dens=s_var=6,388.0,8.396119356155396,0,56;45;3;0;55;14;53;21;28;43;49;46;5;52;27
ins286_m=4_j=60_t=60_sw=h_dens=s_var=6,388.0,8.396119356155396,1,3;26;20;42;6;30;57;46;50;10;2;22;12;53;58
ins286_m=4_j=60_t=60_sw=h_dens=s_var=6,388.0,8.396119356155396,2,8;25;41;36;28;21;20;12;1;45;37;29;54;2;10
ins286_m=4_j=60_t=60_sw=h_dens=s_var=6,388.0,8.396119356155396,3,38;48;23;26;10;41;40;8;2;1;11;30;59;4;39
