instance,makespan,execution_time,machine_id,jobs
ins375_m=4_j=40_t=120_sw=h_dens=s_var=15,312.0,6.2909228801727295,0,22;14;10;9;34;36;12;16;23;28
ins375_m=4_j=40_t=120_sw=h_dens=s_var=15,312.0,6.2909228801727295,1,16;32;2;38;7;22;5;27;1;36
ins375_m=4_j=40_t=120_sw=h_dens=s_var=15,312.0,6.2909228801727295,2,6;12;36;18;38;23;31;5;20;19
ins375_m=4_j=40_t=120_sw=h_dens=s_var=15,312.0,6.2909228801727295,3,34;13;27;26;17;28;21;39;7;37
