instance,makespan,execution_time,machine_id,jobs
ins376_m=4_j=40_t=120_sw=h_dens=s_var=16,351.0,6.352154970169067,0,26;27;3;17;35;34;13;38;19;36
ins376_m=4_j=40_t=120_sw=h_dens=s_var=16,351.0,6.352154970169067,1,21;31;29;22;11;28;8;3;39;6
ins376_m=4_j=40_t=120_sw=h_dens=s_var=16,351.0,6.352154970169067,2,35;23;8;25;4;12;20;10;2;34
ins376_m=4_j=40_t=120_sw=h_dens=s_var=16,351.0,6.352154970169067,3,37;18;2;5;12;24;26;6;1;21
