instance,makespan,execution_time,machine_id,jobs
ins88_m=3_j=15_t=15_var=8,39.0,2.779719591140747,0,11;9;12;13;8
ins88_m=3_j=15_t=15_var=8,39.0,2.779719591140747,1,8;14;2;13;5
ins88_m=3_j=15_t=15_var=8,39.0,2.779719591140747,2,1;0;4;11;13
