instance,makespan,execution_time,machine_id,jobs
ins160_m=3_j=20_t=20_var=20,56.0,6.128159284591675,0,4;17;16;13;5;10;1
ins160_m=3_j=20_t=20_var=20,56.0,6.128159284591675,1,12;15;0;19;7;3;14
ins160_m=3_j=20_t=20_var=20,56.0,6.128159284591675,2,8;11;2;9;18;6
