instance,makespan,execution_time,machine_id,jobs
ins160_m=3_j=20_t=20_var=20,55.0,3.1769204139709473,0,4;17;16;13;5;10;1
ins160_m=3_j=20_t=20_var=20,55.0,3.1769204139709473,1,3;19;18;6;7;14;16
ins160_m=3_j=20_t=20_var=20,55.0,3.1769204139709473,2,15;4;7;9;10;2
