instance,makespan,execution_time,machine_id,jobs
ins270_m=4_j=60_t=60_sw=l_dens=d_var=10,713.0,8.516388416290283,0,13;25;6;38;50;59;26;51;24;0;5;49;18;19
ins270_m=4_j=60_t=60_sw=l_dens=d_var=10,713.0,8.516388416290283,1,33;17;46;37;23;56;41;10;35;20;48;22;9
ins270_m=4_j=60_t=60_sw=l_dens=d_var=10,713.0,8.516388416290283,2,7;31;57;45;29;14;2;21;36;12;28;15;4;11;16
ins270_m=4_j=60_t=60_sw=l_dens=d_var=10,713.0,8.516388416290283,3,7;30;20;47;11;55;43;53;39;42;57;21;14;31;40;44
