instance,makespan,execution_time,machine_id,jobs
ins460_m=4_j=60_t=120_sw=h_dens=s_var=20,572.0,9.479217290878296,0,15;35;8;18;53;12;45;17;30;58;28;54;41;57;27
ins460_m=4_j=60_t=120_sw=h_dens=s_var=20,572.0,9.479217290878296,1,48;1;43;54;44;49;45;40;29;22;14;34;19;2;37
ins460_m=4_j=60_t=120_sw=h_dens=s_var=20,572.0,9.479217290878296,2,34;41;53;50;27;6;46;48;19;9;11;55;36;12;52
ins460_m=4_j=60_t=120_sw=h_dens=s_var=20,572.0,9.479217290878296,3,53;51;56;52;36;46;9;15;30;3;28;25;4;20;18
