instance,makespan,execution_time,machine_id,jobs
ins154_m=3_j=20_t=20_var=14,65.0,3.216193914413452,0,15;0;10;1;2;9;6
ins154_m=3_j=20_t=20_var=14,65.0,3.216193914413452,1,10;6;3;5;7;12;2
ins154_m=3_j=20_t=20_var=14,65.0,3.216193914413452,2,11;7;12;9;16;1
