instance,makespan,execution_time,machine_id,jobs
ins197_m=4_j=40_t=60_sw=l_dens=d_var=17,399.0,5.996171236038208,0,8;18;12;24;36;27;35;14;20;10
ins197_m=4_j=40_t=60_sw=l_dens=d_var=17,399.0,5.996171236038208,1,6;31;21;1;13;9;23;30;28
ins197_m=4_j=40_t=60_sw=l_dens=d_var=17,399.0,5.996171236038208,2,33;16;2;0;4;29;37;5;26
ins197_m=4_j=40_t=60_sw=l_dens=d_var=17,399.0,5.996171236038208,3,9;22;39;15;19;26;38;17;34;3
