instance,makespan,execution_time,machine_id,jobs
ins84_m=3_j=15_t=15_var=4,31.0,2.7248311042785645,0,5;6;9;3;4
ins84_m=3_j=15_t=15_var=4,31.0,2.7248311042785645,1,11;1;9;13;3
ins84_m=3_j=15_t=15_var=4,31.0,2.7248311042785645,2,11;8;0;1;2
