instance,makespan,execution_time,machine_id,jobs
ins388_m=4_j=40_t=120_sw=h_dens=d_var=8,1500.0,6.571726083755493,0,27;34;31;4;15;19;32
ins388_m=4_j=40_t=120_sw=h_dens=d_var=8,1500.0,6.571726083755493,1,26;37;11;23;36;5;1;3;25;10;17
ins388_m=4_j=40_t=120_sw=h_dens=d_var=8,1500.0,6.571726083755493,2,30;22;37;21;36;17;0;20;7;11;18
ins388_m=4_j=40_t=120_sw=h_dens=d_var=8,1500.0,6.571726083755493,3,29;39;13;12;6;35;14;24;8;16
