instance,makespan,execution_time,machine_id,jobs
ins548_m=6_j=80_t=120_sw=h_dens=d_var=8,2328.0,14.988415241241455,0,14;35;9;20;72;77;68;5;12;76;45;37;11
ins548_m=6_j=80_t=120_sw=h_dens=d_var=8,2328.0,14.988415241241455,1,79;20;19;76;23;77;54;39;43;72;41;12
ins548_m=6_j=80_t=120_sw=h_dens=d_var=8,2328.0,14.988415241241455,2,21;23;8;29;17;30;32;34;16;37;38;19;79
ins548_m=6_j=80_t=120_sw=h_dens=d_var=8,2328.0,14.988415241241455,3,15;17;53;47;75;48;22;16;73;1;71;2;25
ins548_m=6_j=80_t=120_sw=h_dens=d_var=8,2328.0,14.988415241241455,4,64;51;46;59;3;78;18;70;40;42;4;62;58
ins548_m=6_j=80_t=120_sw=h_dens=d_var=8,2328.0,14.988415241241455,5,31;69;78;6;28;13;57;44;27;33;26;66;36;61
