instance,makespan,execution_time,machine_id,jobs
ins536_m=6_j=80_t=120_sw=h_dens=s_var=16,760.0,14.97501826286316,0,0;72;56;24;42;40;3;45;15;16;13;20;49;33
ins536_m=6_j=80_t=120_sw=h_dens=s_var=16,760.0,14.97501826286316,1,13;39;7;69;66;50;0;67;28;25;58;79;21;12
ins536_m=6_j=80_t=120_sw=h_dens=s_var=16,760.0,14.97501826286316,2,32;54;52;76;45;23;1;34;63;33;4;26;64
ins536_m=6_j=80_t=120_sw=h_dens=s_var=16,760.0,14.97501826286316,3,35;9;49;75;10;20;31;65;19;24;73;53;5
ins536_m=6_j=80_t=120_sw=h_dens=s_var=16,760.0,14.97501826286316,4,33;17;63;5;43;16;35;79;40;31;53;42;60
ins536_m=6_j=80_t=120_sw=h_dens=s_var=16,760.0,14.97501826286316,5,61;11;41;47;38;51;62;3;70;48;74;60;37
