instance,makespan,execution_time,machine_id,jobs
ins221_m=4_j=40_t=60_sw=h_dens=d_var=1,724.0,5.913233518600464,0,34;14;10;38;2;12;11;36;24
ins221_m=4_j=40_t=60_sw=h_dens=d_var=1,724.0,5.913233518600464,1,35;4;16;33;37;23;8;27
ins221_m=4_j=40_t=60_sw=h_dens=d_var=1,724.0,5.913233518600464,2,5;3;16;39;18;32;1;37;29
ins221_m=4_j=40_t=60_sw=h_dens=d_var=1,724.0,5.913233518600464,3,7;19;13;20;28;31;17;15;22;6
