instance,makespan,execution_time,machine_id,jobs
ins537_m=6_j=80_t=120_sw=h_dens=s_var=17,696.0,14.933623552322388,0,8;40;27;15;72;17;16;2;6;56;57;71;46;30
ins537_m=6_j=80_t=120_sw=h_dens=s_var=17,696.0,14.933623552322388,1,17;51;21;70;69;9;2;41;38;40;76;67;60;12
ins537_m=6_j=80_t=120_sw=h_dens=s_var=17,696.0,14.933623552322388,2,34;1;52;33;64;23;54;45;63;76;26;4;32
ins537_m=6_j=80_t=120_sw=h_dens=s_var=17,696.0,14.933623552322388,3,40;66;16;1;44;39;13;5;46;65;58;2;28
ins537_m=6_j=80_t=120_sw=h_dens=s_var=17,696.0,14.933623552322388,4,65;21;11;16;5;39;64;46;13;43;56;32;9
ins537_m=6_j=80_t=120_sw=h_dens=s_var=17,696.0,14.933623552322388,5,51;41;11;47;38;61;70;74;62;48;3;37;60
