instance,makespan,execution_time,machine_id,jobs
ins112_m=3_j=20_t=15_var=12,59.0,3.1082868576049805,0,6;1;16;0;7;14;19
ins112_m=3_j=20_t=15_var=12,59.0,3.1082868576049805,1,12;17;4;13;11;8;1
ins112_m=3_j=20_t=15_var=12,59.0,3.1082868576049805,2,12;11;4;17;5;19
