instance,makespan,execution_time,machine_id,jobs
ins293_m=4_j=60_t=60_sw=h_dens=s_var=13,379.0,8.483394861221313,0,10;16;11;24;3;29;42;9;49;46;27;12;31;35;18
ins293_m=4_j=60_t=60_sw=h_dens=s_var=13,379.0,8.483394861221313,1,36;56;1;46;34;14;45;29;21;58;37;48;27;38;54
ins293_m=4_j=60_t=60_sw=h_dens=s_var=13,379.0,8.483394861221313,2,12;13;0;15;36;31;18;24;1;32;35;55;6;27;14
ins293_m=4_j=60_t=60_sw=h_dens=s_var=13,379.0,8.483394861221313,3,21;7;40;48;52;8;19;17;4;30;54;37;33;59;25
