instance,makespan,execution_time,machine_id,jobs
ins564_m=6_j=120_t=120_sw=l_dens=s_var=4,609.0,21.401520013809204,0,43;19;103;77;7;67;112;21;49;16;90;23;57;3;41;51;106;46;44;20
ins564_m=6_j=120_t=120_sw=l_dens=s_var=4,609.0,21.401520013809204,1,44;43;32;1;115;91;96;68;113;34;47;49;54;116;15;77;109;51;57;53
ins564_m=6_j=120_t=120_sw=l_dens=s_var=4,609.0,21.401520013809204,2,46;28;69;84;15;57;75;88;22;115;31;90;5;8;59;114;41;107;63;6
ins564_m=6_j=120_t=120_sw=l_dens=s_var=4,609.0,21.401520013809204,3,42;32;91;1;16;37;18;55;103;77;70;80;97;33;98;119;67;34;105;87
ins564_m=6_j=120_t=120_sw=l_dens=s_var=4,609.0,21.401520013809204,4,44;65;96;94;29;85;83;24;99;101;39;109;9;2;13;62;7;48;92;93
ins564_m=6_j=120_t=120_sw=l_dens=s_var=4,609.0,21.401520013809204,5,35;61;99;71;88;95;113;83;58;16;114;25;110;45;17;65;62;76;85;64
