instance,makespan,execution_time,machine_id,jobs
ins408_m=4_j=60_t=120_sw=l_dens=s_var=8,345.0,8.867407321929932,0,31;6;12;9;52;46;16;35;59;10;1;44;8;53;49
ins408_m=4_j=60_t=120_sw=l_dens=s_var=8,345.0,8.867407321929932,1,57;56;28;3;54;20;1;30;55;41;5;39;6;19;10
ins408_m=4_j=60_t=120_sw=l_dens=s_var=8,345.0,8.867407321929932,2,18;42;56;12;44;35;21;36;39;24;58;22;55;34;53
ins408_m=4_j=60_t=120_sw=l_dens=s_var=8,345.0,8.867407321929932,3,4;25;27;15;32;1;50;43;48;29;46;2;41;40;52
