instance,makespan,execution_time,machine_id,jobs
ins457_m=4_j=60_t=120_sw=h_dens=s_var=17,640.0,9.383219242095947,0,37;19;54;59;23;31;40;32;49;45;58;53;24;52;51
ins457_m=4_j=60_t=120_sw=h_dens=s_var=17,640.0,9.383219242095947,1,59;4;51;3;34;5;21;32;26;37;30;47;14;22;25
ins457_m=4_j=60_t=120_sw=h_dens=s_var=17,640.0,9.383219242095947,2,15;40;28;58;43;26;4;27;38;42;30;3;20;36;33
ins457_m=4_j=60_t=120_sw=h_dens=s_var=17,640.0,9.383219242095947,3,45;48;50;38;4;58;27;16;32;29;2;23;18;42;17
