instance,makespan,execution_time,machine_id,jobs
ins451_m=4_j=60_t=120_sw=h_dens=s_var=11,585.0,9.081713914871216,0,25;56;29;22;34;53;20;24;39;10;0;14;57;44;46
ins451_m=4_j=60_t=120_sw=h_dens=s_var=11,585.0,9.081713914871216,1,7;58;45;16;42;51;30;21;22;44;3;56;33;40;55
ins451_m=4_j=60_t=120_sw=h_dens=s_var=11,585.0,9.081713914871216,2,42;16;18;27;26;55;36;52;47;33;40;5;4;45;21
ins451_m=4_j=60_t=120_sw=h_dens=s_var=11,585.0,9.081713914871216,3,23;8;49;41;58;32;30;51;28;38;12;7;37;15;59
