instance,makespan,execution_time,machine_id,jobs
ins78_m=2_j=15_t=15_var=18,54.0,2.3415982723236084,0,14;3;13;0;11;4;8;5
ins78_m=2_j=15_t=15_var=18,54.0,2.3415982723236084,1,13;12;7;9;3;4;0
