instance,makespan,execution_time,machine_id,jobs
ins384_m=4_j=40_t=120_sw=h_dens=d_var=4,1917.0,6.442658424377441,0,6;7;9;34;14;35;11;5
ins384_m=4_j=40_t=120_sw=h_dens=d_var=4,1917.0,6.442658424377441,1,4;0;3;7;38;5;23;13;16
ins384_m=4_j=40_t=120_sw=h_dens=d_var=4,1917.0,6.442658424377441,2,27;33;12;31;32;2;18;36;10
ins384_m=4_j=40_t=120_sw=h_dens=d_var=4,1917.0,6.442658424377441,3,19;20;1;8;21;28;15;39;25;30;37;17;22
