instance,makespan,execution_time,machine_id,jobs
ins138_m=3_j=15_t=20_var=18,36.0,2.7397961616516113,0,1;7;4;3;10
ins138_m=3_j=15_t=20_var=18,36.0,2.7397961616516113,1,10;9;7;12;2
ins138_m=3_j=15_t=20_var=18,36.0,2.7397961616516113,2,5;0;11;13;14
