instance,makespan,execution_time,machine_id,jobs
ins452_m=4_j=60_t=120_sw=h_dens=s_var=12,532.0,8.911642789840698,0,56;33;1;26;20;59;27;44;10;28;36;23;58;29;22
ins452_m=4_j=60_t=120_sw=h_dens=s_var=12,532.0,8.911642789840698,1,22;55;58;0;11;35;51;21;9;15;23;24;17;3;28
ins452_m=4_j=60_t=120_sw=h_dens=s_var=12,532.0,8.911642789840698,2,23;55;50;56;0;5;27;11;19;26;31;3;10;24;34
ins452_m=4_j=60_t=120_sw=h_dens=s_var=12,532.0,8.911642789840698,3,52;34;41;48;20;28;5;30;22;23;33;21;43;1;57
