instance,makespan,execution_time,machine_id,jobs
ins190_m=4_j=40_t=60_sw=l_dens=d_var=10,446.0,5.826496839523315,0,12;30;0;21;1;5;28;19
ins190_m=4_j=40_t=60_sw=l_dens=d_var=10,446.0,5.826496839523315,1,35;0;23;22;29;16;3;1
ins190_m=4_j=40_t=60_sw=l_dens=d_var=10,446.0,5.826496839523315,2,14;13;25;18;9;39;35;24
ins190_m=4_j=40_t=60_sw=l_dens=d_var=10,446.0,5.826496839523315,3,8;33;15;27;10;11;38;17;26;37;32
