instance,makespan,execution_time,machine_id,jobs
ins547_m=6_j=80_t=120_sw=h_dens=d_var=7,2313.0,14.90025782585144,0,63;15;61;5;52;21;42;31;3;7;37;72;54
ins547_m=6_j=80_t=120_sw=h_dens=d_var=7,2313.0,14.90025782585144,1,65;37;48;24;69;17;21;1;54;40;45;5;6
ins547_m=6_j=80_t=120_sw=h_dens=d_var=7,2313.0,14.90025782585144,2,63;32;22;0;77;28;64;47;33;12;13;31;76
ins547_m=6_j=80_t=120_sw=h_dens=d_var=7,2313.0,14.90025782585144,3,56;22;19;58;59;12;0;34;76;41;73;46
ins547_m=6_j=80_t=120_sw=h_dens=d_var=7,2313.0,14.90025782585144,4,73;26;68;79;11;66;46;44;36;16;25;50;8
ins547_m=6_j=80_t=120_sw=h_dens=d_var=7,2313.0,14.90025782585144,5,70;60;35;29;18;2;20;39;9;23;14;10;62
