instance,makespan,execution_time,machine_id,jobs
ins277_m=4_j=60_t=60_sw=l_dens=d_var=17,846.0,8.395681142807007,0,32;53;56;57;27;2;15;37;40;48;0
ins277_m=4_j=60_t=60_sw=l_dens=d_var=17,846.0,8.395681142807007,1,59;54;10;48;21;34;25;49;13;44;51;40;2
ins277_m=4_j=60_t=60_sw=l_dens=d_var=17,846.0,8.395681142807007,2,31;4;38;24;22;5;0;17;7;1;50;36;29;55
ins277_m=4_j=60_t=60_sw=l_dens=d_var=17,846.0,8.395681142807007,3,39;9;12;16;30;11;18;52;20;45;26;41;47;46;8;33;28;23;6
