instance,makespan,execution_time,machine_id,jobs
ins131_m=3_j=15_t=20_var=11,46.0,2.7521424293518066,0,1;8;12;14;5
ins131_m=3_j=15_t=20_var=11,46.0,2.7521424293518066,1,6;3;2;4;10
ins131_m=3_j=15_t=20_var=11,46.0,2.7521424293518066,2,3;10;4;7;9
