instance,makespan,execution_time,machine_id,jobs
ins167_m=4_j=40_t=60_sw=l_dens=s_var=7,125.0,5.8433027267456055,0,24;5;27;19;36;15;23;6;35;26
ins167_m=4_j=40_t=60_sw=l_dens=s_var=7,125.0,5.8433027267456055,1,26;31;39;9;23;25;4;27;12;36
ins167_m=4_j=40_t=60_sw=l_dens=s_var=7,125.0,5.8433027267456055,2,14;34;29;21;35;25;1;2;6;37
ins167_m=4_j=40_t=60_sw=l_dens=s_var=7,125.0,5.8433027267456055,3,21;37;12;2;1;26;5;6;18;24
