instance,makespan,execution_time,machine_id,jobs
ins67_m=2_j=15_t=15_var=7,71.0,2.3443760871887207,0,11;13;7;0;9;5;3;6
ins67_m=2_j=15_t=15_var=7,71.0,2.3443760871887207,1,6;14;4;10;0;7;2
