instance,makespan,execution_time,machine_id,jobs
ins594_m=6_j=120_t=120_sw=l_dens=d_var=14,1878.0,21.382086277008057,0,82;2;65;94;102;72;89;46;92;86;38;14;3;109;67;68;41;66;78
ins594_m=6_j=120_t=120_sw=l_dens=d_var=14,1878.0,21.382086277008057,1,91;47;114;54;111;50;33;69;7;108;8;93;77;79;20;119;88;23;35
ins594_m=6_j=120_t=120_sw=l_dens=d_var=14,1878.0,21.382086277008057,2,22;30;23;14;11;12;117;76;40;87;81;104;64;19;70;115;57;54;6
ins594_m=6_j=120_t=120_sw=l_dens=d_var=14,1878.0,21.382086277008057,3,24;27;48;119;59;118;95;98;25;3;89;104;52;53;0;17;105;44;110;113
ins594_m=6_j=120_t=120_sw=l_dens=d_var=14,1878.0,21.382086277008057,4,17;31;39;75;27;28;61;29;60;74;73;83;62;18;4;5;95;65;107
ins594_m=6_j=120_t=120_sw=l_dens=d_var=14,1878.0,21.382086277008057,5,106;16;10;116;34;49;9;100;97;62;99;21;96;26;31;37;13;58;51;63
