instance,makespan,execution_time,machine_id,jobs
ins172_m=4_j=40_t=60_sw=l_dens=s_var=12,147.0,5.805051803588867,0,22;14;9;23;36;16;10;12;34;28
ins172_m=4_j=40_t=60_sw=l_dens=s_var=12,147.0,5.805051803588867,1,1;24;25;0;37;11;38;26;36;28
ins172_m=4_j=40_t=60_sw=l_dens=s_var=12,147.0,5.805051803588867,2,10;7;0;31;22;13;24;35;27;5
ins172_m=4_j=40_t=60_sw=l_dens=s_var=12,147.0,5.805051803588867,3,15;13;37;38;27;39;31;8;18;0
