instance,makespan,execution_time,machine_id,jobs
ins122_m=3_j=15_t=20_var=2,33.0,2.7841029167175293,0,3;9;6;10;1
ins122_m=3_j=15_t=20_var=2,33.0,2.7841029167175293,1,12;13;3;9;8
ins122_m=3_j=15_t=20_var=2,33.0,2.7841029167175293,2,12;0;5;11;2
