instance,makespan,execution_time,machine_id,jobs
ins276_m=4_j=60_t=60_sw=l_dens=d_var=16,705.0,8.386321306228638,0,21;22;11;36;43;35;6;53;25;3
ins276_m=4_j=60_t=60_sw=l_dens=d_var=16,705.0,8.386321306228638,1,57;19;26;40;59;47;4;44;41;1;7;10;18;33;24
ins276_m=4_j=60_t=60_sw=l_dens=d_var=16,705.0,8.386321306228638,2,55;34;27;40;45;31;48;39;16;2;50;5;8;30;17
ins276_m=4_j=60_t=60_sw=l_dens=d_var=16,705.0,8.386321306228638,3,51;23;34;42;49;54;20;46;0;13;12;9;28;58;14;56;32;29;48
