instance,makespan,execution_time,machine_id,jobs
ins501_m=6_j=80_t=120_sw=l_dens=d_var=1,1108.0,14.469452857971191,0,5;2;27;56;64;36;31;37;52;73;49;66
ins501_m=6_j=80_t=120_sw=l_dens=d_var=1,1108.0,14.469452857971191,1,17;41;35;63;47;56;18;1;13;28;3;27;59
ins501_m=6_j=80_t=120_sw=l_dens=d_var=1,1108.0,14.469452857971191,2,6;20;31;37;30;16;42;77;76;56;61;69
ins501_m=6_j=80_t=120_sw=l_dens=d_var=1,1108.0,14.469452857971191,3,42;69;16;31;12;38;44;78;33;25;14;72
ins501_m=6_j=80_t=120_sw=l_dens=d_var=1,1108.0,14.469452857971191,4,39;74;24;79;29;0;50;8;55;54;60;44;76
ins501_m=6_j=80_t=120_sw=l_dens=d_var=1,1108.0,14.469452857971191,5,62;9;10;60;55;21;70;4;53;65;26;57;71;48;43
