instance,makespan,execution_time,machine_id,jobs
ins218_m=4_j=40_t=60_sw=h_dens=s_var=18,218.0,5.8279736042022705,0,26;28;5;38;2;20;29;23;4;30
ins218_m=4_j=40_t=60_sw=h_dens=s_var=18,218.0,5.8279736042022705,1,38;26;28;25;11;37;1;0;36;24
ins218_m=4_j=40_t=60_sw=h_dens=s_var=18,218.0,5.8279736042022705,2,6;0;37;29;35;22;3;15;7;4
ins218_m=4_j=40_t=60_sw=h_dens=s_var=18,218.0,5.8279736042022705,3,10;8;25;3;34;12;27;6;1;31
