instance,makespan,execution_time,machine_id,jobs
ins400_m=4_j=40_t=120_sw=h_dens=d_var=20,1475.0,6.50853419303894,0,33;28;2;27;30;39;4;10;24;15
ins400_m=4_j=40_t=120_sw=h_dens=d_var=20,1475.0,6.50853419303894,1,17;3;18;9;31;36;30;10;38
ins400_m=4_j=40_t=120_sw=h_dens=d_var=20,1475.0,6.50853419303894,2,8;11;21;36;37;16;35;0;18
ins400_m=4_j=40_t=120_sw=h_dens=d_var=20,1475.0,6.50853419303894,3,14;6;1;13;22;7;25;26;12;5;20;19
