instance,makespan,execution_time,machine_id,jobs
ins615_m=6_j=120_t=120_sw=h_dens=s_var=15,1039.0,21.62177538871765,0,53;15;39;14;46;49;23;24;60;117;19;89;28;56;69;96;71;70;88;7
ins615_m=6_j=120_t=120_sw=h_dens=s_var=15,1039.0,21.62177538871765,1,19;59;50;62;68;20;112;39;97;34;0;38;57;79;42;96;101;3;6;83
ins615_m=6_j=120_t=120_sw=h_dens=s_var=15,1039.0,21.62177538871765,2,81;31;66;35;69;60;55;73;70;8;87;20;33;85;119;56;2;107;24;100
ins615_m=6_j=120_t=120_sw=h_dens=s_var=15,1039.0,21.62177538871765,3,82;49;14;31;2;46;80;102;112;60;47;76;45;69;28;37;117;33;44;70
ins615_m=6_j=120_t=120_sw=h_dens=s_var=15,1039.0,21.62177538871765,4,76;56;74;81;35;73;106;58;9;37;33;82;104;98;25;65;12;11;21;109
ins615_m=6_j=120_t=120_sw=h_dens=s_var=15,1039.0,21.62177538871765,5,117;78;28;64;107;95;49;53;102;46;8;75;80;116;52;90;7;67;29;103
