instance,makespan,execution_time,machine_id,jobs
ins482_m=6_j=80_t=120_sw=l_dens=s_var=2,422.0,15.101789712905884,0,24;6;8;30;19;11;28;9;3;53;34;2;32;10
ins482_m=6_j=80_t=120_sw=l_dens=s_var=2,422.0,15.101789712905884,1,39;2;27;79;51;42;25;34;16;64;4;71;0;48
ins482_m=6_j=80_t=120_sw=l_dens=s_var=2,422.0,15.101789712905884,2,72;61;40;64;70;51;33;73;44;78;65;5;26
ins482_m=6_j=80_t=120_sw=l_dens=s_var=2,422.0,15.101789712905884,3,50;56;69;54;65;9;48;72;22;67;2;76;13
ins482_m=6_j=80_t=120_sw=l_dens=s_var=2,422.0,15.101789712905884,4,50;5;42;68;77;72;25;27;67;6;39;23;7
ins482_m=6_j=80_t=120_sw=l_dens=s_var=2,422.0,15.101789712905884,5,18;6;56;20;76;63;7;68;41;75;62;5;30
