instance,makespan,execution_time,machine_id,jobs
ins113_m=3_j=20_t=15_var=13,54.0,3.156503677368164,0,8;13;1;18;7;19;15
ins113_m=3_j=20_t=15_var=13,54.0,3.156503677368164,1,0;19;3;2;15;18;7
ins113_m=3_j=20_t=15_var=13,54.0,3.156503677368164,2,9;10;11;2;18;13
