instance,makespan,execution_time,machine_id,jobs
ins216_m=4_j=40_t=60_sw=h_dens=s_var=16,191.0,5.8311192989349365,0,37;8;11;17;38;14;27;21;12;24
ins216_m=4_j=40_t=60_sw=h_dens=s_var=16,191.0,5.8311192989349365,1,38;0;28;25;11;37;1;26;36;24
ins216_m=4_j=40_t=60_sw=h_dens=s_var=16,191.0,5.8311192989349365,2,5;1;3;9;30;13;34;22;15;33
ins216_m=4_j=40_t=60_sw=h_dens=s_var=16,191.0,5.8311192989349365,3,28;33;9;30;36;4;14;8;24;20
