instance,makespan,execution_time,machine_id,jobs
ins201_m=4_j=40_t=60_sw=h_dens=s_var=1,291.0,5.8773016929626465,0,5;13;19;22;31;11;27;0;33;17
ins201_m=4_j=40_t=60_sw=h_dens=s_var=1,291.0,5.8773016929626465,1,19;10;38;0;8;13;2;28;33;27
ins201_m=4_j=40_t=60_sw=h_dens=s_var=1,291.0,5.8773016929626465,2,15;31;38;17;20;6;26;4;23;2
ins201_m=4_j=40_t=60_sw=h_dens=s_var=1,291.0,5.8773016929626465,3,33;24;25;22;6;11;7;4;3;19
