instance,makespan,execution_time,machine_id,jobs
ins445_m=4_j=60_t=120_sw=h_dens=s_var=5,616.0,8.93754267692566,0,35;12;15;8;30;45;41;54;57;58;17;18;53;27;28
ins445_m=4_j=60_t=120_sw=h_dens=s_var=5,616.0,8.93754267692566,1,21;59;51;50;5;26;19;11;37;20;43;9;58;2;27
ins445_m=4_j=60_t=120_sw=h_dens=s_var=5,616.0,8.93754267692566,2,25;12;46;39;10;56;8;1;3;44;55;33;45;52;31
ins445_m=4_j=60_t=120_sw=h_dens=s_var=5,616.0,8.93754267692566,3,2;15;23;4;54;19;46;58;28;40;18;50;30;0;24
