instance,makespan,execution_time,machine_id,jobs
ins458_m=4_j=60_t=120_sw=h_dens=s_var=18,600.0,8.876866102218628,0,9;24;41;18;14;34;27;52;8;17;44;43;26;2;10
ins458_m=4_j=60_t=120_sw=h_dens=s_var=18,600.0,8.876866102218628,1,13;39;20;55;9;33;8;28;27;35;59;21;46;26;12
ins458_m=4_j=60_t=120_sw=h_dens=s_var=18,600.0,8.876866102218628,2,22;7;14;13;19;52;29;30;49;35;38;57;26;48;50
ins458_m=4_j=60_t=120_sw=h_dens=s_var=18,600.0,8.876866102218628,3,46;8;54;18;26;22;35;25;21;44;47;23;56;59;9
