instance,makespan,execution_time,machine_id,jobs
ins77_m=2_j=15_t=15_var=17,55.0,2.3213164806365967,0,13;0;11;7;9;6;5;3
ins77_m=2_j=15_t=15_var=17,55.0,2.3213164806365967,1,5;9;2;3;11;12;14
