instance,makespan,execution_time,machine_id,jobs
ins433_m=4_j=60_t=120_sw=l_dens=d_var=13,1418.0,8.683935165405273,0,17;21;44;24;37;47;1;0;46;15;45;22;12
ins433_m=4_j=60_t=120_sw=l_dens=d_var=13,1418.0,8.683935165405273,1,29;49;39;40;52;4;38;16;14;48;2;17;55;34;12
ins433_m=4_j=60_t=120_sw=l_dens=d_var=13,1418.0,8.683935165405273,2,35;43;31;27;59;28;18;20;3;8;36;58;50;42;53
ins433_m=4_j=60_t=120_sw=l_dens=d_var=13,1418.0,8.683935165405273,3,32;33;5;51;23;19;41;25;11;54;7;9;57;6;56;30
