instance,makespan,execution_time,machine_id,jobs
ins415_m=4_j=60_t=120_sw=l_dens=s_var=15,386.0,8.903297662734985,0,27;54;43;38;28;4;16;8;40;3;36;57;59;2;9
ins415_m=4_j=60_t=120_sw=l_dens=s_var=15,386.0,8.903297662734985,1,23;13;30;2;4;14;31;42;48;39;40;56;50;29;24
ins415_m=4_j=60_t=120_sw=l_dens=s_var=15,386.0,8.903297662734985,2,19;50;57;13;44;22;34;54;42;18;36;51;7;29;47
ins415_m=4_j=60_t=120_sw=l_dens=s_var=15,386.0,8.903297662734985,3,37;49;23;18;53;33;46;50;47;14;56;52;20;19;12
