instance,makespan,execution_time,machine_id,jobs
ins175_m=4_j=40_t=60_sw=l_dens=s_var=15,137.0,5.871504306793213,0,12;11;38;27;17;8;37;14;21;24
ins175_m=4_j=40_t=60_sw=l_dens=s_var=15,137.0,5.871504306793213,1,9;4;5;39;36;21;35;0;12;32
ins175_m=4_j=40_t=60_sw=l_dens=s_var=15,137.0,5.871504306793213,2,37;25;29;35;6;1;21;14;34;2
ins175_m=4_j=40_t=60_sw=l_dens=s_var=15,137.0,5.871504306793213,3,1;21;28;29;27;0;26;38;33;7
