instance,makespan,execution_time,machine_id,jobs
ins382_m=4_j=40_t=120_sw=h_dens=d_var=2,1585.0,6.358889102935791,0,34;1;16;7;0;6;38;2
ins382_m=4_j=40_t=120_sw=h_dens=d_var=2,1585.0,6.358889102935791,1,20;25;24;18;14;39;35;30;10;31
ins382_m=4_j=40_t=120_sw=h_dens=d_var=2,1585.0,6.358889102935791,2,8;13;5;26;15;12;37;17;35
ins382_m=4_j=40_t=120_sw=h_dens=d_var=2,1585.0,6.358889102935791,3,19;9;36;33;32;27;22;11;28;23;4;3
