instance,makespan,execution_time,machine_id,jobs
ins545_m=6_j=80_t=120_sw=h_dens=d_var=5,2327.0,15.000244140625,0,62;67;30;12;24;72;78;6;79;21;43;18;49
ins545_m=6_j=80_t=120_sw=h_dens=d_var=5,2327.0,15.000244140625,1,13;65;2;68;51;58;66;6;25;73;62;63
ins545_m=6_j=80_t=120_sw=h_dens=d_var=5,2327.0,15.000244140625,2,51;36;71;61;35;10;11;54;50;60;70;68;19
ins545_m=6_j=80_t=120_sw=h_dens=d_var=5,2327.0,15.000244140625,3,32;47;53;42;22;10;46;71;77;31;27;9;16
ins545_m=6_j=80_t=120_sw=h_dens=d_var=5,2327.0,15.000244140625,4,29;56;39;37;44;45;23;34;40;7;1;52;46
ins545_m=6_j=80_t=120_sw=h_dens=d_var=5,2327.0,15.000244140625,5,41;3;8;64;69;55;28;5;59;17;76;48;0;20
