instance,makespan,execution_time,machine_id,jobs
ins507_m=6_j=80_t=120_sw=l_dens=d_var=7,1185.0,14.597427368164062,0,14;62;44;64;73;70;10;40;67;8;53;31;74
ins507_m=6_j=80_t=120_sw=l_dens=d_var=7,1185.0,14.597427368164062,1,48;19;45;22;6;72;42;51;55;17;65;9;49
ins507_m=6_j=80_t=120_sw=l_dens=d_var=7,1185.0,14.597427368164062,2,63;24;50;33;65;67;41;19;35;31;36;56;29
ins507_m=6_j=80_t=120_sw=l_dens=d_var=7,1185.0,14.597427368164062,3,48;42;7;8;21;71;43;28;60;58;29;12;41
ins507_m=6_j=80_t=120_sw=l_dens=d_var=7,1185.0,14.597427368164062,4,61;57;73;54;35;52;59;78;49;68;63;60;77
ins507_m=6_j=80_t=120_sw=l_dens=d_var=7,1185.0,14.597427368164062,5,47;0;77;79;32;69;20;36;28;52;5;33;11;26
