instance,makespan,execution_time,machine_id,jobs
ins371_m=4_j=40_t=120_sw=h_dens=s_var=11,302.0,6.402391672134399,0,38;21;15;30;29;28;12;37;36;7
ins371_m=4_j=40_t=120_sw=h_dens=s_var=11,302.0,6.402391672134399,1,39;5;4;0;12;21;9;32;35;36
ins371_m=4_j=40_t=120_sw=h_dens=s_var=11,302.0,6.402391672134399,2,15;22;19;36;30;7;0;2;16;1
ins371_m=4_j=40_t=120_sw=h_dens=s_var=11,302.0,6.402391672134399,3,29;33;1;38;27;0;26;28;21;7
