instance,makespan,execution_time,machine_id,jobs
ins267_m=4_j=60_t=60_sw=l_dens=d_var=7,647.0,8.85748291015625,0,10;14;49;19;36;39;59;57;16;54;2;29;44
ins267_m=4_j=60_t=60_sw=l_dens=d_var=7,647.0,8.85748291015625,1,10;39;6;1;42;24;12;45;58;8;31;37;50;56
ins267_m=4_j=60_t=60_sw=l_dens=d_var=7,647.0,8.85748291015625,2,34;4;55;41;33;46;51;47;48;32;26;0;15
ins267_m=4_j=60_t=60_sw=l_dens=d_var=7,647.0,8.85748291015625,3,43;30;20;25;52;18;13;40;35;3;27;11;4;17;38;9;53
