instance,makespan,execution_time,machine_id,jobs
ins420_m=4_j=60_t=120_sw=l_dens=s_var=20,391.0,8.828498601913452,0,34;1;18;31;13;56;0;50;53;32;48;26;6;58;20
ins420_m=4_j=60_t=120_sw=l_dens=s_var=20,391.0,8.828498601913452,1,10;45;11;59;42;2;33;17;12;47;19;36;9;35;57
ins420_m=4_j=60_t=120_sw=l_dens=s_var=20,391.0,8.828498601913452,2,4;52;27;41;54;8;28;24;7;23;25;39;16;46;30
ins420_m=4_j=60_t=120_sw=l_dens=s_var=20,391.0,8.828498601913452,3,28;2;14;59;17;51;33;0;47;23;20;57;45;48;43
