instance,makespan,execution_time,machine_id,jobs
ins217_m=4_j=40_t=60_sw=h_dens=s_var=17,193.0,5.772749662399292,0,9;6;20;5;18;11;24;30;34;8
ins217_m=4_j=40_t=60_sw=h_dens=s_var=17,193.0,5.772749662399292,1,38;14;13;32;22;29;8;28;33;18
ins217_m=4_j=40_t=60_sw=h_dens=s_var=17,193.0,5.772749662399292,2,9;20;30;37;33;34;2;0;32;39
ins217_m=4_j=40_t=60_sw=h_dens=s_var=17,193.0,5.772749662399292,3,10;13;3;15;1;32;36;31;23;0
