instance,makespan,execution_time,machine_id,jobs
ins87_m=3_j=15_t=15_var=7,34.0,2.7687177658081055,0,10;11;13;12;9
ins87_m=3_j=15_t=15_var=7,34.0,2.7687177658081055,1,0;9;5;12;4
ins87_m=3_j=15_t=15_var=7,34.0,2.7687177658081055,2,0;7;3;14;8
