instance,makespan,execution_time,machine_id,jobs
ins618_m=6_j=120_t=120_sw=h_dens=s_var=18,1073.0,21.63398838043213,0,50;74;61;77;109;46;101;99;68;73;62;104;110;107;88;38;117;58;83;114
ins618_m=6_j=120_t=120_sw=h_dens=s_var=18,1073.0,21.63398838043213,1,15;111;12;42;47;49;103;40;51;54;68;37;23;64;118;62;106;95;110;79
ins618_m=6_j=120_t=120_sw=h_dens=s_var=18,1073.0,21.63398838043213,2,105;42;82;108;6;5;19;25;0;57;14;103;73;29;55;2;62;119;51;104
ins618_m=6_j=120_t=120_sw=h_dens=s_var=18,1073.0,21.63398838043213,3,5;20;99;119;91;116;43;55;16;93;59;113;112;81;74;88;109;98;86;76
ins618_m=6_j=120_t=120_sw=h_dens=s_var=18,1073.0,21.63398838043213,4,45;100;36;95;46;59;21;15;61;76;97;118;74;63;104;105;75;20;111;11
ins618_m=6_j=120_t=120_sw=h_dens=s_var=18,1073.0,21.63398838043213,5,80;10;8;42;97;43;71;16;81;93;94;66;87;102;108;59;114;88;78;91
