instance,makespan,execution_time,machine_id,jobs
ins214_m=4_j=40_t=60_sw=h_dens=s_var=14,238.0,5.8999199867248535,0,26;18;3;6;5;2;8;36;35;29
ins214_m=4_j=40_t=60_sw=h_dens=s_var=14,238.0,5.8999199867248535,1,29;7;23;20;35;36;18;2;4;31
ins214_m=4_j=40_t=60_sw=h_dens=s_var=14,238.0,5.8999199867248535,2,6;12;36;18;38;23;31;5;20;19
ins214_m=4_j=40_t=60_sw=h_dens=s_var=14,238.0,5.8999199867248535,3,30;7;10;38;5;14;25;8;15;1
