instance,makespan,execution_time,machine_id,jobs
ins36_m=2_j=15_t=10_var=16,48.0,2.3140511512756348,0,13;4;0;14;10;2;12;6
ins36_m=2_j=15_t=10_var=16,48.0,2.3140511512756348,1,9;13;8;7;1;12;10
