instance,makespan,execution_time,machine_id,jobs
ins168_m=4_j=40_t=60_sw=l_dens=s_var=8,154.0,5.852473020553589,0,15;12;39;18;6;23;29;27;20;36
ins168_m=4_j=40_t=60_sw=l_dens=s_var=8,154.0,5.852473020553589,1,7;18;1;5;21;17;37;32;38;22
ins168_m=4_j=40_t=60_sw=l_dens=s_var=8,154.0,5.852473020553589,2,3;32;10;26;2;15;25;24;29;35
ins168_m=4_j=40_t=60_sw=l_dens=s_var=8,154.0,5.852473020553589,3,13;4;20;36;10;2;28;23;9;16
