instance,makespan,execution_time,machine_id,jobs
ins194_m=4_j=40_t=60_sw=l_dens=d_var=14,604.0,5.976963996887207,0,14;3;2;36;11;23;5
ins194_m=4_j=40_t=60_sw=l_dens=d_var=14,604.0,5.976963996887207,1,18;31;12;39;9;26;35;25;21;24
ins194_m=4_j=40_t=60_sw=l_dens=d_var=14,604.0,5.976963996887207,2,28;33;19;37;1;18;9;29;20;6
ins194_m=4_j=40_t=60_sw=l_dens=d_var=14,604.0,5.976963996887207,3,32;7;15;22;27;4;16;34;8;38;30;13;17;0
