instance,makespan,execution_time,machine_id,jobs
ins66_m=2_j=15_t=15_var=6,60.0,2.3661956787109375,0,10;9;1;7;0;13;4;8
ins66_m=2_j=15_t=15_var=6,60.0,2.3661956787109375,1,12;14;9;11;7;0;10
