instance,makespan,execution_time,machine_id,jobs
ins212_m=4_j=40_t=60_sw=h_dens=s_var=12,212.0,5.85697340965271,0,21;29;11;26;16;6;36;34;10;39
ins212_m=4_j=40_t=60_sw=h_dens=s_var=12,212.0,5.85697340965271,1,26;35;21;10;20;16;34;14;32;38
ins212_m=4_j=40_t=60_sw=h_dens=s_var=12,212.0,5.85697340965271,2,19;29;14;2;21;12;17;25;7;27
ins212_m=4_j=40_t=60_sw=h_dens=s_var=12,212.0,5.85697340965271,3,8;23;3;10;15;35;36;4;24;14
