instance,makespan,execution_time,machine_id,jobs
ins297_m=4_j=60_t=60_sw=h_dens=s_var=17,374.0,8.338813304901123,0,22;57;10;29;49;37;35;51;50;59;25;55;44;47;34
ins297_m=4_j=60_t=60_sw=h_dens=s_var=17,374.0,8.338813304901123,1,53;50;36;12;4;58;5;28;16;35;17;49;3;42;23
ins297_m=4_j=60_t=60_sw=h_dens=s_var=17,374.0,8.338813304901123,2,13;19;35;52;49;22;57;29;26;50;7;30;14;48;38
ins297_m=4_j=60_t=60_sw=h_dens=s_var=17,374.0,8.338813304901123,3,5;39;24;22;23;57;19;17;59;49;7;28;4;10;6
