instance,makespan,execution_time,machine_id,jobs
ins257_m=4_j=60_t=60_sw=l_dens=s_var=17,246.0,9.084303140640259,0,31;37;28;42;8;47;7;16;54;29;15;5;49;26;3
ins257_m=4_j=60_t=60_sw=l_dens=s_var=17,246.0,9.084303140640259,1,29;44;21;31;43;50;51;1;20;49;25;10;5;37;11
ins257_m=4_j=60_t=60_sw=l_dens=s_var=17,246.0,9.084303140640259,2,34;9;6;27;41;53;46;48;19;50;55;11;12;52;36
ins257_m=4_j=60_t=60_sw=l_dens=s_var=17,246.0,9.084303140640259,3,10;9;14;4;35;25;26;31;12;41;40;49;53;34;7
