instance,makespan,execution_time,machine_id,jobs
ins300_m=4_j=60_t=60_sw=h_dens=s_var=20,401.0,8.253320455551147,0,17;16;44;6;59;34;23;22;1;0;40;8;36;33;20
ins300_m=4_j=60_t=60_sw=h_dens=s_var=20,401.0,8.253320455551147,1,6;34;25;30;26;7;15;29;45;42;0;39;41;22;35
ins300_m=4_j=60_t=60_sw=h_dens=s_var=20,401.0,8.253320455551147,2,41;26;2;13;22;25;15;19;9;3;1;43;23;39;45
ins300_m=4_j=60_t=60_sw=h_dens=s_var=20,401.0,8.253320455551147,3,4;1;53;7;36;11;18;57;40;17;52;9;34;38;31
