instance,makespan,execution_time,machine_id,jobs
ins308_m=4_j=60_t=60_sw=h_dens=d_var=8,1082.0,8.286135196685791,0,6;48;11;16;53;47;57;52;21;13;54;46;25;58
ins308_m=4_j=60_t=60_sw=h_dens=d_var=8,1082.0,8.286135196685791,1,21;13;19;44;7;51;47;4;8;40;32;22;28;42
ins308_m=4_j=60_t=60_sw=h_dens=d_var=8,1082.0,8.286135196685791,2,3;40;39;50;51;8;10;37;7;43;30;15;9;22;34;35
ins308_m=4_j=60_t=60_sw=h_dens=d_var=8,1082.0,8.286135196685791,3,23;55;5;27;38;11;59;1;12;20;45;2;56;41;40
