instance,makespan,execution_time,machine_id,jobs
ins104_m=3_j=20_t=15_var=4,46.0,3.112144947052002,0,2;8;0;5;19;10;15
ins104_m=3_j=20_t=15_var=4,46.0,3.112144947052002,1,17;16;6;2;0;14;3
ins104_m=3_j=20_t=15_var=4,46.0,3.112144947052002,2,1;17;18;5;0;10
