instance,makespan,execution_time,machine_id,jobs
ins298_m=4_j=60_t=60_sw=h_dens=s_var=18,424.0,8.249000310897827,0,15;30;35;12;28;58;57;17;45;8;41;54;53;18;27
ins298_m=4_j=60_t=60_sw=h_dens=s_var=18,424.0,8.249000310897827,1,36;22;4;18;32;59;2;16;44;55;57;42;12;29;53
ins298_m=4_j=60_t=60_sw=h_dens=s_var=18,424.0,8.249000310897827,2,24;47;13;38;14;32;7;33;26;16;34;55;36;42;6
ins298_m=4_j=60_t=60_sw=h_dens=s_var=18,424.0,8.249000310897827,3,49;23;51;8;15;41;59;38;7;32;12;30;58;28;37
