instance,makespan,execution_time,machine_id,jobs
ins273_m=4_j=60_t=60_sw=l_dens=d_var=13,611.0,8.339012384414673,0,43;2;56;37;29;13;21;0;27;10;35
ins273_m=4_j=60_t=60_sw=l_dens=d_var=13,611.0,8.339012384414673,1,7;48;14;56;11;42;29;16;40;30;2;50;35
ins273_m=4_j=60_t=60_sw=l_dens=d_var=13,611.0,8.339012384414673,2,35;23;49;8;24;32;36;57;47;45;46;5;55
ins273_m=4_j=60_t=60_sw=l_dens=d_var=13,611.0,8.339012384414673,3,1;19;12;22;34;45;9;39;25;4;18;33;28;44;58;20;51;49
