instance,makespan,execution_time,machine_id,jobs
ins377_m=4_j=40_t=120_sw=h_dens=s_var=17,318.0,6.362674236297607,0,11;37;12;24;17;38;14;27;8;21
ins377_m=4_j=40_t=120_sw=h_dens=s_var=17,318.0,6.362674236297607,1,16;23;7;33;8;31;12;2;21;29
ins377_m=4_j=40_t=120_sw=h_dens=s_var=17,318.0,6.362674236297607,2,3;9;14;26;37;17;21;16;24;36
ins377_m=4_j=40_t=120_sw=h_dens=s_var=17,318.0,6.362674236297607,3,39;10;28;4;0;8;2;37;14;20
