instance,makespan,execution_time,machine_id,jobs
ins469_m=4_j=60_t=120_sw=h_dens=d_var=9,1814.0,8.841888189315796,0,18;1;34;6;59;58;54;25;32;39;45;14;8;30
ins469_m=4_j=60_t=120_sw=h_dens=d_var=9,1814.0,8.841888189315796,1,53;41;58;8;32;45;31;5;55;59;19;37;28;18;11
ins469_m=4_j=60_t=120_sw=h_dens=d_var=9,1814.0,8.841888189315796,2,8;2;42;3;0;26;41;49;51;56;7;4;57;24
ins469_m=4_j=60_t=120_sw=h_dens=d_var=9,1814.0,8.841888189315796,3,12;17;26;50;44;9;14;48;35;10;56;29;38;52;40
