instance,makespan,execution_time,machine_id,jobs
ins527_m=6_j=80_t=120_sw=h_dens=s_var=7,690.0,14.947536706924438,0,47;1;54;7;22;27;40;61;72;18;73;63;74;59
ins527_m=6_j=80_t=120_sw=h_dens=s_var=7,690.0,14.947536706924438,1,26;65;35;13;46;57;29;6;54;59;27;11;60;36
ins527_m=6_j=80_t=120_sw=h_dens=s_var=7,690.0,14.947536706924438,2,0;16;50;25;64;15;14;43;47;45;49;77;32
ins527_m=6_j=80_t=120_sw=h_dens=s_var=7,690.0,14.947536706924438,3,20;5;9;1;74;18;44;3;73;33;51;24;78
ins527_m=6_j=80_t=120_sw=h_dens=s_var=7,690.0,14.947536706924438,4,6;36;38;0;18;70;73;64;75;29;56;14;43
ins527_m=6_j=80_t=120_sw=h_dens=s_var=7,690.0,14.947536706924438,5,71;72;55;62;51;54;57;58;12;69;76;26;77
