instance,makespan,execution_time,machine_id,jobs
ins265_m=4_j=60_t=60_sw=l_dens=d_var=5,657.0,8.510290622711182,0,57;58;6;18;30;14;50;0;29;17;33;7;36;19;44
ins265_m=4_j=60_t=60_sw=l_dens=d_var=5,657.0,8.510290622711182,1,39;1;34;6;47;16;2;38;42;58;27;40;32;3;50
ins265_m=4_j=60_t=60_sw=l_dens=d_var=5,657.0,8.510290622711182,2,56;5;26;27;46;53;54;51;23;13;11;1;12;45
ins265_m=4_j=60_t=60_sw=l_dens=d_var=5,657.0,8.510290622711182,3,31;43;10;16;20;15;55;28;52;8;59;48;35;49;34
