instance,makespan,execution_time,machine_id,jobs
ins588_m=6_j=120_t=120_sw=l_dens=d_var=8,1845.0,21.135696172714233,0,58;5;104;68;85;18;0;48;50;52;92;84;43;57;89;118;49;36
ins588_m=6_j=120_t=120_sw=l_dens=d_var=8,1845.0,21.135696172714233,1,76;78;101;65;106;20;45;84;39;63;36;47;92;103;5;100;50;59;11
ins588_m=6_j=120_t=120_sw=l_dens=d_var=8,1845.0,21.135696172714233,2,107;22;116;93;110;55;2;46;17;117;109;38;53;82;26;96;80;74;51
ins588_m=6_j=120_t=120_sw=l_dens=d_var=8,1845.0,21.135696172714233,3,16;4;71;42;87;1;116;93;53;98;88;117;54;6;25;13;9;35
ins588_m=6_j=120_t=120_sw=l_dens=d_var=8,1845.0,21.135696172714233,4,67;62;41;108;28;90;10;7;115;34;27;119;24;59;21;3;61;29;40;94;72
ins588_m=6_j=120_t=120_sw=l_dens=d_var=8,1845.0,21.135696172714233,5,10;77;95;60;86;31;79;8;66;12;69;15;30;102;112;27;111;81;19;44
