instance,makespan,execution_time,machine_id,jobs
ins283_m=4_j=60_t=60_sw=h_dens=s_var=3,323.0,8.393770694732666,0,17;54;29;36;59;27;39;9;21;34;11;13;45;19;42
ins283_m=4_j=60_t=60_sw=h_dens=s_var=3,323.0,8.393770694732666,1,18;24;51;50;0;3;14;35;53;56;1;48;52;5;22
ins283_m=4_j=60_t=60_sw=h_dens=s_var=3,323.0,8.393770694732666,2,35;41;55;9;34;10;7;48;44;13;1;56;46;2;5
ins283_m=4_j=60_t=60_sw=h_dens=s_var=3,323.0,8.393770694732666,3,2;15;23;10;28;7;16;25;47;20;32;26;57;31;40
