instance,makespan,execution_time,machine_id,jobs
ins336_m=4_j=40_t=120_sw=l_dens=s_var=16,235.0,6.292831182479858,0,38;16;39;5;0;27;10;29;6;13
ins336_m=4_j=40_t=120_sw=l_dens=s_var=16,235.0,6.292831182479858,1,27;12;38;26;35;4;9;22;13;23
ins336_m=4_j=40_t=120_sw=l_dens=s_var=16,235.0,6.292831182479858,2,22;9;11;5;36;27;32;12;16;23
ins336_m=4_j=40_t=120_sw=l_dens=s_var=16,235.0,6.292831182479858,3,26;18;35;5;7;24;9;30;29;4
