instance,makespan,execution_time,machine_id,jobs
ins512_m=6_j=80_t=120_sw=l_dens=d_var=12,1239.0,14.823867797851562,0,64;32;6;21;17;2;28;54;16;45;66;20;61;30
ins512_m=6_j=80_t=120_sw=l_dens=d_var=12,1239.0,14.823867797851562,1,43;0;41;19;7;79;49;78;72;65;45;11;39
ins512_m=6_j=80_t=120_sw=l_dens=d_var=12,1239.0,14.823867797851562,2,22;48;61;9;38;1;39;72;41;10;69;53;14
ins512_m=6_j=80_t=120_sw=l_dens=d_var=12,1239.0,14.823867797851562,3,56;49;76;5;28;77;55;71;75;19;27;52;23;36
ins512_m=6_j=80_t=120_sw=l_dens=d_var=12,1239.0,14.823867797851562,4,29;35;31;52;74;47;37;26;67;46;64;57;71
ins512_m=6_j=80_t=120_sw=l_dens=d_var=12,1239.0,14.823867797851562,5,70;25;35;73;58;40;44;18;62;15;24;8;34
