instance,makespan,execution_time,machine_id,jobs
ins349_m=4_j=40_t=120_sw=l_dens=d_var=9,710.0,6.292438268661499,0,31;12;11;24;29;18;30;36;17;25
ins349_m=4_j=40_t=120_sw=l_dens=d_var=9,710.0,6.292438268661499,1,13;31;1;3;4;38;7;34;37
ins349_m=4_j=40_t=120_sw=l_dens=d_var=9,710.0,6.292438268661499,2,2;9;21;13;19;16;26;35;39
ins349_m=4_j=40_t=120_sw=l_dens=d_var=9,710.0,6.292438268661499,3,33;15;20;28;8;27;6;22;0;10
