instance,makespan,execution_time,machine_id,jobs
ins340_m=4_j=40_t=120_sw=l_dens=s_var=20,206.0,6.287724018096924,0,23;11;8;28;35;30;0;21;26;19
ins340_m=4_j=40_t=120_sw=l_dens=s_var=20,206.0,6.287724018096924,1,4;34;8;32;36;22;3;12;21;13
ins340_m=4_j=40_t=120_sw=l_dens=s_var=20,206.0,6.287724018096924,2,26;27;3;35;7;20;21;10;34;8
ins340_m=4_j=40_t=120_sw=l_dens=s_var=20,206.0,6.287724018096924,3,27;20;37;29;34;17;10;39;22;4
