instance,makespan,execution_time,machine_id,jobs
ins598_m=6_j=120_t=120_sw=l_dens=d_var=18,1949.0,21.38415813446045,0,92;113;35;36;72;98;2;88;110;44;96;6;49;3;50;57;7;107;21;53
ins598_m=6_j=120_t=120_sw=l_dens=d_var=18,1949.0,21.38415813446045,1,6;40;11;57;101;18;71;78;75;30;111;26;4;28;9;74;64;3;50
ins598_m=6_j=120_t=120_sw=l_dens=d_var=18,1949.0,21.38415813446045,2,23;9;63;106;102;51;94;114;105;86;89;61;11;54;91;82;16;24;115
ins598_m=6_j=120_t=120_sw=l_dens=d_var=18,1949.0,21.38415813446045,3,10;67;68;66;100;108;103;76;32;43;48;34;26;31;93;1;56;38;55;99;17
ins598_m=6_j=120_t=120_sw=l_dens=d_var=18,1949.0,21.38415813446045,4,58;81;25;94;59;15;41;118;14;37;104;5;62;69;84;83;60;70;27;29
ins598_m=6_j=120_t=120_sw=l_dens=d_var=18,1949.0,21.38415813446045,5,33;46;119;22;80;116;85;12;20;19;0;95;87;97;75;47;13;58;14;109
