instance,makespan,execution_time,machine_id,jobs
ins100_m=3_j=15_t=15_var=20,29.0,4.959006309509277,0,14;5;11;9;2
ins100_m=3_j=15_t=15_var=20,29.0,4.959006309509277,1,0;13;8;3;12
ins100_m=3_j=15_t=15_var=20,29.0,4.959006309509277,2,10;1;6;7;4
