instance,makespan,execution_time,machine_id,jobs
ins100_m=3_j=15_t=15_var=20,32.0,4.049346685409546,0,10;0;4;1;9
ins100_m=3_j=15_t=15_var=20,32.0,4.049346685409546,1,12;0;2;13;3
ins100_m=3_j=15_t=15_var=20,32.0,4.049346685409546,2,4;7;1;0;3
