instance,makespan,execution_time,machine_id,jobs
ins397_m=4_j=40_t=120_sw=h_dens=d_var=17,1601.0,6.359321117401123,0,35;15;5;12;4;26;32
ins397_m=4_j=40_t=120_sw=h_dens=d_var=17,1601.0,6.359321117401123,1,33;23;34;3;38;11;9;21;19;20
ins397_m=4_j=40_t=120_sw=h_dens=d_var=17,1601.0,6.359321117401123,2,31;28;15;2;8;30;0;37;29;17
ins397_m=4_j=40_t=120_sw=h_dens=d_var=17,1601.0,6.359321117401123,3,7;6;22;1;27;16;10;13;39;14;18
