instance,makespan,execution_time,machine_id,jobs
ins583_m=6_j=120_t=120_sw=l_dens=d_var=3,1866.0,21.341477394104004,0,15;48;55;101;60;81;97;45;12;52;5;3;109;111;58;27;95;116;106
ins583_m=6_j=120_t=120_sw=l_dens=d_var=3,1866.0,21.341477394104004,1,81;111;45;35;74;20;37;78;94;38;62;97;0;73;60;22;17;79;91;5
ins583_m=6_j=120_t=120_sw=l_dens=d_var=3,1866.0,21.341477394104004,2,68;16;87;92;94;19;108;28;59;41;37;0;93;62;56;46;35;88;26;52
ins583_m=6_j=120_t=120_sw=l_dens=d_var=3,1866.0,21.341477394104004,3,43;15;78;65;91;102;76;47;50;86;115;29;1;45;119;26;7;67;28;113
ins583_m=6_j=120_t=120_sw=l_dens=d_var=3,1866.0,21.341477394104004,4,71;66;114;85;100;3;69;110;105;14;11;96;6;31;59;42;54;9;25;118;33
ins583_m=6_j=120_t=120_sw=l_dens=d_var=3,1866.0,21.341477394104004,5,90;53;82;34;49;99;13;47;63;1;72;107;44;30;29;61;57;80;43;75
