instance,makespan,execution_time,machine_id,jobs
ins530_m=6_j=80_t=120_sw=h_dens=s_var=10,692.0,14.9575834274292,0,0;31;35;8;70;4;40;56;76;69;7;48;39;74
ins530_m=6_j=80_t=120_sw=h_dens=s_var=10,692.0,14.9575834274292,1,71;60;38;77;46;44;3;18;78;36;57;64;51;32
ins530_m=6_j=80_t=120_sw=h_dens=s_var=10,692.0,14.9575834274292,2,54;2;73;52;37;67;12;14;63;53;24;25;43
ins530_m=6_j=80_t=120_sw=h_dens=s_var=10,692.0,14.9575834274292,3,61;13;11;19;29;10;42;55;1;79;49;45;9
ins530_m=6_j=80_t=120_sw=h_dens=s_var=10,692.0,14.9575834274292,4,48;15;24;31;76;69;71;65;33;32;78;7;14
ins530_m=6_j=80_t=120_sw=h_dens=s_var=10,692.0,14.9575834274292,5,71;34;7;0;27;45;43;68;35;36;25;79;55
