instance,makespan,execution_time,machine_id,jobs
ins565_m=6_j=120_t=120_sw=l_dens=s_var=5,593.0,21.49256944656372,0,99;55;68;59;43;74;58;116;42;94;45;32;38;20;83;95;4;16;96;114
ins565_m=6_j=120_t=120_sw=l_dens=s_var=5,593.0,21.49256944656372,1,31;23;83;94;81;84;116;97;73;5;50;34;111;85;3;71;20;65;54;33
ins565_m=6_j=120_t=120_sw=l_dens=s_var=5,593.0,21.49256944656372,2,36;26;83;54;102;70;85;60;59;72;116;0;86;58;95;89;98;103;77;73
ins565_m=6_j=120_t=120_sw=l_dens=s_var=5,593.0,21.49256944656372,3,30;62;59;37;80;32;57;12;70;0;18;77;2;36;53;103;22;58;41;91
ins565_m=6_j=120_t=120_sw=l_dens=s_var=5,593.0,21.49256944656372,4,5;107;19;117;2;109;4;54;89;16;13;87;42;49;69;57;76;32;44;79
ins565_m=6_j=120_t=120_sw=l_dens=s_var=5,593.0,21.49256944656372,5,115;93;92;90;19;52;47;85;107;79;106;67;3;43;91;82;46;63;9;109
