instance,makespan,execution_time,machine_id,jobs
ins322_m=4_j=40_t=120_sw=l_dens=s_var=2,224.0,6.383365869522095,0,24;15;27;26;36;23;35;19;6;5
ins322_m=4_j=40_t=120_sw=l_dens=s_var=2,224.0,6.383365869522095,1,38;14;13;8;22;18;29;32;28;33
ins322_m=4_j=40_t=120_sw=l_dens=s_var=2,224.0,6.383365869522095,2,5;9;18;17;27;29;30;8;3;38
ins322_m=4_j=40_t=120_sw=l_dens=s_var=2,224.0,6.383365869522095,3,0;14;20;13;22;38;5;35;6;15
