instance,makespan,execution_time,machine_id,jobs
ins412_m=4_j=60_t=120_sw=l_dens=s_var=12,385.0,8.788018465042114,0,48;31;51;17;22;46;34;42;44;35;9;5;50;38;57
ins412_m=4_j=60_t=120_sw=l_dens=s_var=12,385.0,8.788018465042114,1,51;12;38;9;56;53;29;25;18;21;55;13;4;5;8
ins412_m=4_j=60_t=120_sw=l_dens=s_var=12,385.0,8.788018465042114,2,18;40;53;31;54;20;8;19;39;38;17;10;13;15;12
ins412_m=4_j=60_t=120_sw=l_dens=s_var=12,385.0,8.788018465042114,3,14;23;42;59;19;35;46;28;32;50;40;41;58;1;30
