instance,makespan,execution_time,machine_id,jobs
ins427_m=4_j=60_t=120_sw=l_dens=d_var=7,995.0,9.394299983978271,0,31;6;11;34;49;32;21;43;28;42;19;51;10;0
ins427_m=4_j=60_t=120_sw=l_dens=d_var=7,995.0,9.394299983978271,1,0;22;35;29;3;32;8;33;59;14;53;15;47;21
ins427_m=4_j=60_t=120_sw=l_dens=d_var=7,995.0,9.394299983978271,2,12;1;37;40;26;18;30;55;4;17;48;50;53;2;57
ins427_m=4_j=60_t=120_sw=l_dens=d_var=7,995.0,9.394299983978271,3,5;24;52;59;36;4;46;25;44;20;54;23;58;41;13
