instance,makespan,execution_time,machine_id,jobs
ins234_m=4_j=40_t=60_sw=h_dens=d_var=14,665.0,5.960548162460327,0,19;10;26;18;27;15;30;17;9
ins234_m=4_j=40_t=60_sw=h_dens=d_var=14,665.0,5.960548162460327,1,19;24;39;14;2;7;1;0
ins234_m=4_j=40_t=60_sw=h_dens=d_var=14,665.0,5.960548162460327,2,28;12;20;6;18;31;38;34;33
ins234_m=4_j=40_t=60_sw=h_dens=d_var=14,665.0,5.960548162460327,3,11;5;3;29;23;25;4;34;38;1
