instance,makespan,execution_time,machine_id,jobs
ins272_m=4_j=60_t=60_sw=l_dens=d_var=12,669.0,8.29218339920044,0,56;23;1;10;19;21;26;8;54;40;17;38;46
ins272_m=4_j=60_t=60_sw=l_dens=d_var=12,669.0,8.29218339920044,1,38;21;57;42;25;16;43;2;23;13;37;18
ins272_m=4_j=60_t=60_sw=l_dens=d_var=12,669.0,8.29218339920044,2,5;22;34;6;51;16;44;31;53;58;45;50;56;15;12
ins272_m=4_j=60_t=60_sw=l_dens=d_var=12,669.0,8.29218339920044,3,21;36;14;28;52;7;11;4;29;48;22;9;50;39;0;54
