instance,makespan,execution_time,machine_id,jobs
ins571_m=6_j=120_t=120_sw=l_dens=s_var=11,604.0,21.774500608444214,0,6;1;54;70;71;33;21;34;11;13;28;73;43;99;116;97;60;24;74;89
ins571_m=6_j=120_t=120_sw=l_dens=s_var=11,604.0,21.774500608444214,1,40;19;63;17;99;83;51;27;41;85;49;62;39;93;46;86;79;72;81;48
ins571_m=6_j=120_t=120_sw=l_dens=s_var=11,604.0,21.774500608444214,2,116;52;77;11;18;88;53;22;89;60;28;118;106;56;3;31;105;24;6;64
ins571_m=6_j=120_t=120_sw=l_dens=s_var=11,604.0,21.774500608444214,3,0;4;84;26;61;36;113;59;53;114;37;66;117;104;15;57;19;46;39;67
ins571_m=6_j=120_t=120_sw=l_dens=s_var=11,604.0,21.774500608444214,4,67;57;68;119;98;115;78;20;50;14;47;97;29;112;9;113;13;100;35;69
ins571_m=6_j=120_t=120_sw=l_dens=s_var=11,604.0,21.774500608444214,5,64;17;67;21;18;82;63;55;76;62;56;47;50;35;107;10;51;5;114;59
