instance,makespan,execution_time,machine_id,jobs
ins306_m=4_j=60_t=60_sw=h_dens=d_var=6,1134.0,8.218421220779419,0,31;26;7;57;3;41;30;37;28;13;16;55
ins306_m=4_j=60_t=60_sw=h_dens=d_var=6,1134.0,8.218421220779419,1,12;11;9;36;42;24;46;5;40;51;4;8;21;50
ins306_m=4_j=60_t=60_sw=h_dens=d_var=6,1134.0,8.218421220779419,2,24;21;50;20;19;23;14;49;47;46;0;59;27
ins306_m=4_j=60_t=60_sw=h_dens=d_var=6,1134.0,8.218421220779419,3,58;45;33;21;19;59;36;1;44;15;22;25;29;38;40;17;39
