instance,makespan,execution_time,machine_id,jobs
ins246_m=4_j=60_t=60_sw=l_dens=s_var=6,258.0,8.096468210220337,0,28;21;36;32;40;27;1;33;22;30;44;10;25;11;13
ins246_m=4_j=60_t=60_sw=l_dens=s_var=6,258.0,8.096468210220337,1,30;59;4;21;25;3;34;14;51;5;32;47;37;22;26
ins246_m=4_j=60_t=60_sw=l_dens=s_var=6,258.0,8.096468210220337,2,25;52;23;27;54;16;7;39;30;4;41;46;24;8;28
ins246_m=4_j=60_t=60_sw=l_dens=s_var=6,258.0,8.096468210220337,3,43;58;42;36;52;12;23;53;45;54;41;30;17;7;44
