instance,makespan,execution_time,machine_id,jobs
ins181_m=4_j=40_t=60_sw=l_dens=d_var=1,571.0,5.967597723007202,0,4;2;22;6;13;34;33;35
ins181_m=4_j=40_t=60_sw=l_dens=d_var=1,571.0,5.967597723007202,1,10;35;21;12;5;16;15;20
ins181_m=4_j=40_t=60_sw=l_dens=d_var=1,571.0,5.967597723007202,2,9;28;29;38;19;26;37;27;12
ins181_m=4_j=40_t=60_sw=l_dens=d_var=1,571.0,5.967597723007202,3,14;1;17;30;25;39;31;8;36;32;23;0;24
