instance,makespan,execution_time,machine_id,jobs
ins472_m=4_j=60_t=120_sw=h_dens=d_var=12,1878.0,8.645623922348022,0,14;52;48;13;35;11;24;21;16;57;0;17;26;34
ins472_m=4_j=60_t=120_sw=h_dens=d_var=12,1878.0,8.645623922348022,1,36;22;13;49;44;12;20;37;19;51;8;25;1;30
ins472_m=4_j=60_t=120_sw=h_dens=d_var=12,1878.0,8.645623922348022,2,54;30;56;12;18;59;2;9;38;46;3;5;28;47
ins472_m=4_j=60_t=120_sw=h_dens=d_var=12,1878.0,8.645623922348022,3,39;40;29;23;15;41;50;45;27;56;33;4;55;10;19
