instance,makespan,execution_time,machine_id,jobs
ins475_m=4_j=60_t=120_sw=h_dens=d_var=15,2677.0,10.40455150604248,0,9;50;32;38;20;24;44;27;23;43;21;54;34
ins475_m=4_j=60_t=120_sw=h_dens=d_var=15,2677.0,10.40455150604248,1,2;25;11;52;46;41;1;35;28;19;10;37;33;53;36
ins475_m=4_j=60_t=120_sw=h_dens=d_var=15,2677.0,10.40455150604248,2,30;15;58;55;18;59;7;4;48;1;47;39;26;3;5;0;16
ins475_m=4_j=60_t=120_sw=h_dens=d_var=15,2677.0,10.40455150604248,3,22;42;14;57;6;49;51;17;40;29;45;56;12;13;31;8
