instance,makespan,execution_time,machine_id,jobs
ins387_m=4_j=40_t=120_sw=h_dens=d_var=7,1681.0,6.4952452182769775,0,26;21;11;31;4;24;34;22;1
ins387_m=4_j=40_t=120_sw=h_dens=d_var=7,1681.0,6.4952452182769775,1,1;10;17;28;30;6;19;14;18;12
ins387_m=4_j=40_t=120_sw=h_dens=d_var=7,1681.0,6.4952452182769775,2,33;15;5;38;25;9;37;36;35;2;39
ins387_m=4_j=40_t=120_sw=h_dens=d_var=7,1681.0,6.4952452182769775,3,3;16;7;20;13;15;29;8;27;35
