instance,makespan,execution_time,machine_id,jobs
ins487_m=6_j=80_t=120_sw=l_dens=s_var=7,405.0,15.146125316619873,0,63;26;16;43;47;48;51;52;54;44;65;38;3;9
ins487_m=6_j=80_t=120_sw=l_dens=s_var=7,405.0,15.146125316619873,1,68;10;21;52;53;59;66;6;22;29;40;35;71;13
ins487_m=6_j=80_t=120_sw=l_dens=s_var=7,405.0,15.146125316619873,2,32;15;0;77;24;72;38;7;75;50;17;39;8
ins487_m=6_j=80_t=120_sw=l_dens=s_var=7,405.0,15.146125316619873,3,11;18;23;79;43;58;5;70;65;49;44;73;45
ins487_m=6_j=80_t=120_sw=l_dens=s_var=7,405.0,15.146125316619873,4,29;47;59;50;44;65;31;66;18;78;73;26;64
ins487_m=6_j=80_t=120_sw=l_dens=s_var=7,405.0,15.146125316619873,5,33;22;26;39;2;63;27;34;4;45;62;43;65
