instance,makespan,execution_time,machine_id,jobs
ins118_m=3_j=20_t=15_var=18,55.0,3.1193289756774902,0,17;13;10;1;5;4;16
ins118_m=3_j=20_t=15_var=18,55.0,3.1193289756774902,1,5;15;3;13;7;12;8
ins118_m=3_j=20_t=15_var=18,55.0,3.1193289756774902,2,19;2;10;18;15;12
