instance,makespan,execution_time,machine_id,jobs
ins50_m=2_j=10_t=15_var=10,32.0,2.043846607208252,0,1;2;9;0;5
ins50_m=2_j=10_t=15_var=10,32.0,2.043846607208252,1,7;2;6;4;0
