instance,makespan,execution_time,machine_id,jobs
ins627_m=6_j=120_t=120_sw=h_dens=d_var=7,3131.0,21.297338247299194,0,49;53;68;83;14;26;75;62;50;89;54;60;86;48;0;65;20;9;56;46
ins627_m=6_j=120_t=120_sw=h_dens=d_var=7,3131.0,21.297338247299194,1,68;56;30;67;96;44;40;50;111;9;47;17;16;34;75;54;89;99;59;43
ins627_m=6_j=120_t=120_sw=h_dens=d_var=7,3131.0,21.297338247299194,2,6;98;117;101;64;38;61;118;83;13;88;28;24;5;51;105;55;107;57
ins627_m=6_j=120_t=120_sw=h_dens=d_var=7,3131.0,21.297338247299194,3,110;74;81;37;49;42;63;71;86;97;76;78;82;85;12;7;23;69;21
ins627_m=6_j=120_t=120_sw=h_dens=d_var=7,3131.0,21.297338247299194,4,103;119;25;11;3;1;10;80;87;22;41;45;29;77;15;18;0;33;27;31
ins627_m=6_j=120_t=120_sw=h_dens=d_var=7,3131.0,21.297338247299194,5,92;2;63;93;106;72;44;96;1;4;102;8;81;3;15;100;27;36;70;109;5
