instance,makespan,execution_time,machine_id,jobs
ins69_m=2_j=15_t=15_var=9,56.0,2.341449737548828,0,1;6;8;9;3;13;10;7
ins69_m=2_j=15_t=15_var=9,56.0,2.341449737548828,1,2;5;8;1;14;12;13
