instance,makespan,execution_time,machine_id,jobs
ins391_m=4_j=40_t=120_sw=h_dens=d_var=11,1427.0,6.369530439376831,0,12;35;14;34;24;11;28;25;31
ins391_m=4_j=40_t=120_sw=h_dens=d_var=11,1427.0,6.369530439376831,1,27;1;10;36;15;19;13;26;0;16
ins391_m=4_j=40_t=120_sw=h_dens=d_var=11,1427.0,6.369530439376831,2,29;30;3;17;15;1;0;36;27;33
ins391_m=4_j=40_t=120_sw=h_dens=d_var=11,1427.0,6.369530439376831,3,7;39;8;32;9;38;2;20;27;6
