instance,makespan,execution_time,machine_id,jobs
ins198_m=4_j=40_t=60_sw=l_dens=d_var=18,417.0,5.916794061660767,0,19;22;20;21;24;16;36;28
ins198_m=4_j=40_t=60_sw=l_dens=d_var=18,417.0,5.916794061660767,1,20;27;29;38;11;32;33;23;16
ins198_m=4_j=40_t=60_sw=l_dens=d_var=18,417.0,5.916794061660767,2,12;34;35;26;30;7;3;1;25;8
ins198_m=4_j=40_t=60_sw=l_dens=d_var=18,417.0,5.916794061660767,3,6;10;17;13;4;39;15;14;31;0
