instance,makespan,execution_time,machine_id,jobs
ins152_m=3_j=20_t=20_var=12,52.0,3.185253620147705,0,0;8;9;3;14;19;10
ins152_m=3_j=20_t=20_var=12,52.0,3.185253620147705,1,18;2;10;1;19;15;3
ins152_m=3_j=20_t=20_var=12,52.0,3.185253620147705,2,6;11;12;19;1;13
