instance,makespan,execution_time,machine_id,jobs
ins560_m=6_j=80_t=120_sw=h_dens=d_var=20,2160.0,15.019516468048096,0,36;75;51;62;13;41;27;71;31;63;10;42;73
ins560_m=6_j=80_t=120_sw=h_dens=d_var=20,2160.0,15.019516468048096,1,10;63;5;27;49;65;0;71;9;13;8;41;51
ins560_m=6_j=80_t=120_sw=h_dens=d_var=20,2160.0,15.019516468048096,2,65;26;66;3;51;4;39;68;38;21;73;5;44
ins560_m=6_j=80_t=120_sw=h_dens=d_var=20,2160.0,15.019516468048096,3,73;7;52;20;2;12;15;54;46;56;22;32;61
ins560_m=6_j=80_t=120_sw=h_dens=d_var=20,2160.0,15.019516468048096,4,19;40;50;23;25;24;77;46;32;57;70;1;64
ins560_m=6_j=80_t=120_sw=h_dens=d_var=20,2160.0,15.019516468048096,5,67;79;34;33;6;59;78;14;43;35;16;19;72
