instance,makespan,execution_time,machine_id,jobs
ins578_m=6_j=120_t=120_sw=l_dens=s_var=18,660.0,21.729270696640015,0,42;73;82;114;74;62;109;17;104;100;36;35;45;23;77;31;56;40;117;108
ins578_m=6_j=120_t=120_sw=l_dens=s_var=18,660.0,21.729270696640015,1,67;2;94;55;112;76;101;79;78;84;41;111;34;9;47;4;1;25;66;107
ins578_m=6_j=120_t=120_sw=l_dens=s_var=18,660.0,21.729270696640015,2,65;60;48;70;43;113;54;20;19;103;14;63;46;118;99;6;105;52;18;90
ins578_m=6_j=120_t=120_sw=l_dens=s_var=18,660.0,21.729270696640015,3,61;51;72;83;33;58;81;3;71;10;69;93;38;53;22;59;0;88;87;119
ins578_m=6_j=120_t=120_sw=l_dens=s_var=18,660.0,21.729270696640015,4,43;52;93;4;48;35;16;83;59;47;61;49;7;80;66;38;81;46;94;104
ins578_m=6_j=120_t=120_sw=l_dens=s_var=18,660.0,21.729270696640015,5,92;64;32;86;95;106;115;8;39;28;50;98;13;80;57;26;12;91;15;49
