instance,makespan,execution_time,machine_id,jobs
ins92_m=3_j=15_t=15_var=12,32.0,2.7205135822296143,0,4;13;10;6;12
ins92_m=3_j=15_t=15_var=12,32.0,2.7205135822296143,1,6;1;12;14;13
ins92_m=3_j=15_t=15_var=12,32.0,2.7205135822296143,2,8;10;13;5;2
