instance,makespan,execution_time,machine_id,jobs
ins121_m=3_j=15_t=20_var=1,45.0,2.75805401802063,0,8;5;3;10;13
ins121_m=3_j=15_t=20_var=1,45.0,2.75805401802063,1,8;6;14;11;2
ins121_m=3_j=15_t=20_var=1,45.0,2.75805401802063,2,4;13;1;7;2
