instance,makespan,execution_time,machine_id,jobs
ins223_m=4_j=40_t=60_sw=h_dens=d_var=3,668.0,5.952641725540161,0,31;30;16;33;23;9;28;27;8
ins223_m=4_j=40_t=60_sw=h_dens=d_var=3,668.0,5.952641725540161,1,34;25;12;21;18;30;39;36;26
ins223_m=4_j=40_t=60_sw=h_dens=d_var=3,668.0,5.952641725540161,2,14;39;17;29;12;22;15;35;18;1
ins223_m=4_j=40_t=60_sw=h_dens=d_var=3,668.0,5.952641725540161,3,4;10;32;2;11;0;20;13;24;7;19
