instance,makespan,execution_time,machine_id,jobs
ins231_m=4_j=40_t=60_sw=h_dens=d_var=11,1135.0,6.014895915985107,0,15;26;3;2;24;27;36
ins231_m=4_j=40_t=60_sw=h_dens=d_var=11,1135.0,6.014895915985107,1,15;25;32;30;11;6;38;12;20;29
ins231_m=4_j=40_t=60_sw=h_dens=d_var=11,1135.0,6.014895915985107,2,30;4;35;19;7;31;25;6;5
ins231_m=4_j=40_t=60_sw=h_dens=d_var=11,1135.0,6.014895915985107,3,9;21;18;1;34;37;8;39;0;23;13;22;33;17;28
