instance,makespan,execution_time,machine_id,jobs
ins130_m=3_j=15_t=20_var=10,42.0,2.7877628803253174,0,8;14;6;1;9
ins130_m=3_j=15_t=20_var=10,42.0,2.7877628803253174,1,9;5;7;6;8
ins130_m=3_j=15_t=20_var=10,42.0,2.7877628803253174,2,13;1;4;7;2
