instance,makespan,execution_time,machine_id,jobs
ins58_m=2_j=10_t=15_var=18,40.0,2.0442051887512207,0,3;4;8;9;0
ins58_m=2_j=10_t=15_var=18,40.0,2.0442051887512207,1,4;1;9;7;2
