instance,makespan,execution_time,machine_id,jobs
ins453_m=4_j=60_t=120_sw=h_dens=s_var=13,568.0,9.082505941390991,0,23;41;38;58;12;26;47;31;16;54;11;48;49;34;40
ins453_m=4_j=60_t=120_sw=h_dens=s_var=13,568.0,9.082505941390991,1,30;19;3;32;16;8;18;31;26;45;59;39;57;23;43
ins453_m=4_j=60_t=120_sw=h_dens=s_var=13,568.0,9.082505941390991,2,15;50;51;36;40;28;9;44;58;12;38;41;5;49;17
ins453_m=4_j=60_t=120_sw=h_dens=s_var=13,568.0,9.082505941390991,3,15;38;4;35;41;10;19;13;30;52;7;50;47;43;53
