instance,makespan,execution_time,machine_id,jobs
ins252_m=4_j=60_t=60_sw=l_dens=s_var=12,252.0,8.062124252319336,0,50;51;35;34;45;36;42;30;5;1;43;13;19;4;46
ins252_m=4_j=60_t=60_sw=l_dens=s_var=12,252.0,8.062124252319336,1,44;7;46;34;0;36;17;45;58;15;1;23;57;4;54
ins252_m=4_j=60_t=60_sw=l_dens=s_var=12,252.0,8.062124252319336,2,12;13;14;15;36;18;24;6;32;35;31;55;27;0;1
ins252_m=4_j=60_t=60_sw=l_dens=s_var=12,252.0,8.062124252319336,3,23;19;46;24;40;58;4;2;28;54;15;0;18;30;50
