instance,makespan,execution_time,machine_id,jobs
ins568_m=6_j=120_t=120_sw=l_dens=s_var=8,673.0,21.798217296600342,0,16;71;60;49;40;63;113;22;51;62;6;28;73;77;8;5;32;98;15;34
ins568_m=6_j=120_t=120_sw=l_dens=s_var=8,673.0,21.798217296600342,1,95;49;79;40;54;64;47;15;62;68;118;42;37;51;12;110;106;103;23;111
ins568_m=6_j=120_t=120_sw=l_dens=s_var=8,673.0,21.798217296600342,2,50;105;112;55;37;66;96;58;117;12;8;80;43;109;51;7;68;61;42;28
ins568_m=6_j=120_t=120_sw=l_dens=s_var=8,673.0,21.798217296600342,3,53;65;41;26;73;97;35;60;102;107;15;82;1;56;76;25;20;93;30;23
ins568_m=6_j=120_t=120_sw=l_dens=s_var=8,673.0,21.798217296600342,4,57;0;34;6;83;81;96;28;90;116;60;85;12;79;56;26;113;97;35;62
ins568_m=6_j=120_t=120_sw=l_dens=s_var=8,673.0,21.798217296600342,5,45;95;37;3;0;2;113;83;25;78;54;70;118;51;82;67;58;101;71;42
