instance,makespan,execution_time,machine_id,jobs
ins471_m=4_j=60_t=120_sw=h_dens=d_var=11,2294.0,8.622238874435425,0,59;40;25;12;5;34;38;51;28;10;58;19;49
ins471_m=4_j=60_t=120_sw=h_dens=d_var=11,2294.0,8.622238874435425,1,35;55;57;48;56;1;33;52;13;39;18;26;4;0;41
ins471_m=4_j=60_t=120_sw=h_dens=d_var=11,2294.0,8.622238874435425,2,27;30;20;9;8;2;3;29;19;23;24;43;54;14;6
ins471_m=4_j=60_t=120_sw=h_dens=d_var=11,2294.0,8.622238874435425,3,21;14;7;47;31;32;45;16;30;11;17;50;36;44;42
