instance,makespan,execution_time,machine_id,jobs
ins364_m=4_j=40_t=120_sw=h_dens=s_var=4,350.0,6.784085750579834,0,4;33;27;17;29;10;32;14;37;21
ins364_m=4_j=40_t=120_sw=h_dens=s_var=4,350.0,6.784085750579834,1,1;37;17;28;25;2;34;22;8;29
ins364_m=4_j=40_t=120_sw=h_dens=s_var=4,350.0,6.784085750579834,2,15;5;34;0;30;2;32;11;23;21
ins364_m=4_j=40_t=120_sw=h_dens=s_var=4,350.0,6.784085750579834,3,29;12;17;27;19;38;10;8;31;22
