instance,makespan,execution_time,machine_id,jobs
ins331_m=4_j=40_t=120_sw=l_dens=s_var=11,213.0,6.392086744308472,0,3;21;2;32;12;36;23;16;31;33
ins331_m=4_j=40_t=120_sw=l_dens=s_var=11,213.0,6.392086744308472,1,4;6;10;19;20;32;36;18;17;37
ins331_m=4_j=40_t=120_sw=l_dens=s_var=11,213.0,6.392086744308472,2,38;8;5;37;21;17;26;32;4;9
ins331_m=4_j=40_t=120_sw=l_dens=s_var=11,213.0,6.392086744308472,3,9;35;30;7;5;24;18;4;29;26
