instance,makespan,execution_time,machine_id,jobs
ins129_m=3_j=15_t=20_var=9,38.0,2.7656521797180176,0,5;6;9;4;3
ins129_m=3_j=15_t=20_var=9,38.0,2.7656521797180176,1,13;10;7;6;3
ins129_m=3_j=15_t=20_var=9,38.0,2.7656521797180176,2,8;0;3;9;6
