instance,makespan,execution_time,machine_id,jobs
ins462_m=4_j=60_t=120_sw=h_dens=d_var=2,2184.0,9.625278234481812,0,27;39;43;41;54;13;50;21;47;17;48;46;0;53
ins462_m=4_j=60_t=120_sw=h_dens=d_var=2,2184.0,9.625278234481812,1,6;42;26;12;15;41;57;36;11;59;58;31;3;7
ins462_m=4_j=60_t=120_sw=h_dens=d_var=2,2184.0,9.625278234481812,2,5;9;49;37;38;1;44;33;32;2;10;20;16;18;34
ins462_m=4_j=60_t=120_sw=h_dens=d_var=2,2184.0,9.625278234481812,3,24;51;8;19;40;25;55;52;4;30;13;28;20;14;23
