instance,makespan,execution_time,machine_id,jobs
ins360_m=4_j=40_t=120_sw=l_dens=d_var=20,812.0,6.228457927703857,0,5;26;18;29;19;16
ins360_m=4_j=40_t=120_sw=l_dens=d_var=20,812.0,6.228457927703857,1,33;17;30;2;34;37;10;0;25;31;32
ins360_m=4_j=40_t=120_sw=l_dens=d_var=20,812.0,6.228457927703857,2,7;8;15;24;30;21;9;13;27;14
ins360_m=4_j=40_t=120_sw=l_dens=d_var=20,812.0,6.228457927703857,3,39;6;28;22;35;12;8;4;3;38;23
