instance,makespan,execution_time,machine_id,jobs
ins495_m=6_j=80_t=120_sw=l_dens=s_var=15,308.0,14.514107465744019,0,46;4;59;66;69;68;32;39;30;1;72;67;55;56
ins495_m=6_j=80_t=120_sw=l_dens=s_var=15,308.0,14.514107465744019,1,3;68;1;19;34;37;76;40;75;52;2;22;46;20
ins495_m=6_j=80_t=120_sw=l_dens=s_var=15,308.0,14.514107465744019,2,52;15;36;64;63;24;65;76;35;29;77;10;61
ins495_m=6_j=80_t=120_sw=l_dens=s_var=15,308.0,14.514107465744019,3,78;79;17;26;31;34;11;49;9;27;14;73;62
ins495_m=6_j=80_t=120_sw=l_dens=s_var=15,308.0,14.514107465744019,4,73;22;60;8;29;26;59;57;42;68;18;48;56
ins495_m=6_j=80_t=120_sw=l_dens=s_var=15,308.0,14.514107465744019,5,40;28;37;5;50;7;0;13;48;74;71;70;47
