instance,makespan,execution_time,machine_id,jobs
ins430_m=4_j=60_t=120_sw=l_dens=d_var=10,1090.0,8.937977075576782,0,9;1;7;34;35;26;52;16;11;42;39;31;24;56;32
ins430_m=4_j=60_t=120_sw=l_dens=d_var=10,1090.0,8.937977075576782,1,18;13;20;32;6;29;36;31;54;0;3;5;52;34;55
ins430_m=4_j=60_t=120_sw=l_dens=d_var=10,1090.0,8.937977075576782,2,15;58;52;22;56;30;37;26;25;41;10;8;46;27;49
ins430_m=4_j=60_t=120_sw=l_dens=d_var=10,1090.0,8.937977075576782,3,3;29;30;57;44;36;10;2;47;19;12;28;15;40;11
