instance,makespan,execution_time,machine_id,jobs
ins496_m=6_j=80_t=120_sw=l_dens=s_var=16,430.0,14.685845136642456,0,30;14;55;67;34;56;41;10;72;66;57;2;69;17
ins496_m=6_j=80_t=120_sw=l_dens=s_var=16,430.0,14.685845136642456,1,57;61;2;45;16;70;58;51;0;53;62;66;22;28
ins496_m=6_j=80_t=120_sw=l_dens=s_var=16,430.0,14.685845136642456,2,79;64;32;42;18;8;34;21;73;59;60;62;55
ins496_m=6_j=80_t=120_sw=l_dens=s_var=16,430.0,14.685845136642456,3,63;69;40;48;72;17;51;77;21;22;38;19;5
ins496_m=6_j=80_t=120_sw=l_dens=s_var=16,430.0,14.685845136642456,4,17;10;72;30;36;57;61;50;42;65;47;43;45
ins496_m=6_j=80_t=120_sw=l_dens=s_var=16,430.0,14.685845136642456,5,45;44;33;58;24;0;54;39;17;76;27;63;67
