instance,makespan,execution_time,machine_id,jobs
ins385_m=4_j=40_t=120_sw=h_dens=d_var=5,1904.0,6.530340909957886,0,2;35;36;22;3;11;13
ins385_m=4_j=40_t=120_sw=h_dens=d_var=5,1904.0,6.530340909957886,1,3;34;33;38;31;6;15
ins385_m=4_j=40_t=120_sw=h_dens=d_var=5,1904.0,6.530340909957886,2,18;8;10;12;0;5;1;29;39;21;26
ins385_m=4_j=40_t=120_sw=h_dens=d_var=5,1904.0,6.530340909957886,3,19;37;4;9;25;16;23;27;28;14;30;20;7;32;24
