instance,makespan,execution_time,machine_id,jobs
ins325_m=4_j=40_t=120_sw=l_dens=s_var=5,230.0,6.417234659194946,0,17;9;14;3;39;35;24;31;18;13
ins325_m=4_j=40_t=120_sw=l_dens=s_var=5,230.0,6.417234659194946,1,23;0;8;31;30;17;3;39;38;22
ins325_m=4_j=40_t=120_sw=l_dens=s_var=5,230.0,6.417234659194946,2,37;36;10;35;23;29;7;1;5;38
ins325_m=4_j=40_t=120_sw=l_dens=s_var=5,230.0,6.417234659194946,3,4;14;20;28;39;10;0;8;2;37
