instance,makespan,execution_time,machine_id,jobs
ins72_m=2_j=15_t=15_var=12,50.0,2.3289620876312256,0,5;7;11;6;14;4;3;2
ins72_m=2_j=15_t=15_var=12,50.0,2.3289620876312256,1,6;8;2;12;10;5;13
