instance,makespan,execution_time,machine_id,jobs
ins593_m=6_j=120_t=120_sw=l_dens=d_var=13,1894.0,21.467474699020386,0,49;66;39;22;32;60;73;76;2;48;24;45;62;98;0;69;12;3;107;85
ins593_m=6_j=120_t=120_sw=l_dens=d_var=13,1894.0,21.467474699020386,1,83;101;72;116;28;34;118;36;0;85;102;66;77;21;5;6;45;115;19;11
ins593_m=6_j=120_t=120_sw=l_dens=d_var=13,1894.0,21.467474699020386,2,54;58;72;84;90;101;35;78;55;92;109;82;67;88;29;91;100;33;40;53
ins593_m=6_j=120_t=120_sw=l_dens=d_var=13,1894.0,21.467474699020386,3,83;104;99;59;13;43;87;119;20;114;67;56;47;16;85;26;30;113;8;76
ins593_m=6_j=120_t=120_sw=l_dens=d_var=13,1894.0,21.467474699020386,4,97;4;56;47;70;23;7;18;71;17;41;64;86;80;44;68;93;38;63
ins593_m=6_j=120_t=120_sw=l_dens=d_var=13,1894.0,21.467474699020386,5,113;103;1;105;71;42;96;70;68;7;110;111;25;81;95;75;59;79;57;46
