instance,makespan,execution_time,machine_id,jobs
ins348_m=4_j=40_t=120_sw=l_dens=d_var=8,904.0,6.333977699279785,0,1;10;18;4;8;33;37;36
ins348_m=4_j=40_t=120_sw=l_dens=d_var=8,904.0,6.333977699279785,1,0;32;17;20;39;15;22;5;13;3
ins348_m=4_j=40_t=120_sw=l_dens=d_var=8,904.0,6.333977699279785,2,7;12;23;38;27;14;11;26;31;29
ins348_m=4_j=40_t=120_sw=l_dens=d_var=8,904.0,6.333977699279785,3,21;24;34;19;28;2;9;31;35;25;16
