instance,makespan,execution_time,machine_id,jobs
ins170_m=4_j=40_t=60_sw=l_dens=s_var=10,149.0,5.855535507202148,0,30;34;31;15;5;2;23;25;16;9
ins170_m=4_j=40_t=60_sw=l_dens=s_var=10,149.0,5.855535507202148,1,27;15;33;14;39;23;5;31;38;37
ins170_m=4_j=40_t=60_sw=l_dens=s_var=10,149.0,5.855535507202148,2,1;32;3;29;6;25;26;21;17;35
ins170_m=4_j=40_t=60_sw=l_dens=s_var=10,149.0,5.855535507202148,3,14;1;15;23;34;3;22;24;12;38
