instance,makespan,execution_time,machine_id,jobs
ins304_m=4_j=60_t=60_sw=h_dens=d_var=4,1160.0,8.363406658172607,0,54;19;16;15;27;48;37;44;32;30;13;34
ins304_m=4_j=60_t=60_sw=h_dens=d_var=4,1160.0,8.363406658172607,1,23;47;36;38;10;49;46;35;45;5;53;17;51;50
ins304_m=4_j=60_t=60_sw=h_dens=d_var=4,1160.0,8.363406658172607,2,8;52;0;50;36;56;17;43;58;6;42;57;28;21;14
ins304_m=4_j=60_t=60_sw=h_dens=d_var=4,1160.0,8.363406658172607,3,4;41;3;12;42;22;20;11;24;18;9;1;29;7;25;31
