instance,makespan,execution_time,machine_id,jobs
ins356_m=4_j=40_t=120_sw=l_dens=d_var=16,1197.0,6.4967827796936035,0,34;9;15;7;14;11;18
ins356_m=4_j=40_t=120_sw=l_dens=d_var=16,1197.0,6.4967827796936035,1,39;28;3;12;34;0;33;17;20
ins356_m=4_j=40_t=120_sw=l_dens=d_var=16,1197.0,6.4967827796936035,2,23;30;3;10;21;36;5;2;19
ins356_m=4_j=40_t=120_sw=l_dens=d_var=16,1197.0,6.4967827796936035,3,35;26;4;27;29;32;1;31;38;13;24;8;6;25
