instance,makespan,execution_time,machine_id,jobs
ins350_m=4_j=40_t=120_sw=l_dens=d_var=10,711.0,6.4624714851379395,0,9;31;36;37;21;16;14;18;32;22
ins350_m=4_j=40_t=120_sw=l_dens=d_var=10,711.0,6.4624714851379395,1,29;4;11;2;34;35;19;30;32;27
ins350_m=4_j=40_t=120_sw=l_dens=d_var=10,711.0,6.4624714851379395,2,7;21;8;22;1;39;5;31;10;23
ins350_m=4_j=40_t=120_sw=l_dens=d_var=10,711.0,6.4624714851379395,3,17;30;12;38;24;23;26;28;0;33
