instance,makespan,execution_time,machine_id,jobs
ins481_m=6_j=80_t=120_sw=l_dens=s_var=1,310.0,14.88642144203186,0,43;44;3;16;63;47;51;65;52;26;48;54;38;9
ins481_m=6_j=80_t=120_sw=l_dens=s_var=1,310.0,14.88642144203186,1,61;57;60;14;21;49;18;17;15;31;9;55;8;19
ins481_m=6_j=80_t=120_sw=l_dens=s_var=1,310.0,14.88642144203186,2,0;56;66;24;34;64;36;65;27;23;53;4;71
ins481_m=6_j=80_t=120_sw=l_dens=s_var=1,310.0,14.88642144203186,3,68;16;33;72;27;63;21;39;9;70;29;79;25
ins481_m=6_j=80_t=120_sw=l_dens=s_var=1,310.0,14.88642144203186,4,3;75;40;61;49;70;31;20;32;46;54;33;7
ins481_m=6_j=80_t=120_sw=l_dens=s_var=1,310.0,14.88642144203186,5,14;62;65;50;17;38;24;70;30;36;52;19;13
