instance,makespan,execution_time,machine_id,jobs
ins108_m=3_j=20_t=15_var=8,34.0,3.125317335128784,0,15;4;3;12;18;1;14
ins108_m=3_j=20_t=15_var=8,34.0,3.125317335128784,1,6;10;8;2;11;0;15
ins108_m=3_j=20_t=15_var=8,34.0,3.125317335128784,2,3;13;1;8;18;11
