instance,makespan,execution_time,machine_id,jobs
ins544_m=6_j=80_t=120_sw=h_dens=d_var=4,2104.0,14.847044229507446,0,53;70;24;21;46;34;28;10;18;66;79;38;27
ins544_m=6_j=80_t=120_sw=h_dens=d_var=4,2104.0,14.847044229507446,1,62;9;1;10;13;51;59;24;0;68;48;36
ins544_m=6_j=80_t=120_sw=h_dens=d_var=4,2104.0,14.847044229507446,2,26;51;45;30;22;19;77;40;14;67;7;25;55
ins544_m=6_j=80_t=120_sw=h_dens=d_var=4,2104.0,14.847044229507446,3,58;76;9;47;15;73;5;69;72;3;17;49;33
ins544_m=6_j=80_t=120_sw=h_dens=d_var=4,2104.0,14.847044229507446,4,16;0;73;8;35;4;23;20;39;54;47;31;63
ins544_m=6_j=80_t=120_sw=h_dens=d_var=4,2104.0,14.847044229507446,5,28;39;37;56;57;11;33;44;6;2;74;60;64
