instance,makespan,execution_time,machine_id,jobs
ins96_m=3_j=15_t=15_var=16,33.0,2.684943675994873,0,11;9;7;0;2
ins96_m=3_j=15_t=15_var=16,33.0,2.684943675994873,1,7;11;9;4;1
ins96_m=3_j=15_t=15_var=16,33.0,2.684943675994873,2,10;0;4;13;3
