instance,makespan,execution_time,machine_id,jobs
ins163_m=4_j=40_t=60_sw=l_dens=s_var=3,138.0,5.846031427383423,0,7;1;37;6;3;36;4;33;26;20
ins163_m=4_j=40_t=60_sw=l_dens=s_var=3,138.0,5.846031427383423,1,15;2;4;39;20;16;35;10;18;30
ins163_m=4_j=40_t=60_sw=l_dens=s_var=3,138.0,5.846031427383423,2,23;22;28;3;18;39;16;25;12;38
ins163_m=4_j=40_t=60_sw=l_dens=s_var=3,138.0,5.846031427383423,3,11;37;17;25;34;14;31;13;38;8
