instance,makespan,execution_time,machine_id,jobs
ins184_m=4_j=40_t=60_sw=l_dens=d_var=4,479.0,5.994050025939941,0,30;0;33;3;2;39;7;1
ins184_m=4_j=40_t=60_sw=l_dens=d_var=4,479.0,5.994050025939941,1,20;25;13;23;37;17;35;8;10
ins184_m=4_j=40_t=60_sw=l_dens=d_var=4,479.0,5.994050025939941,2,11;6;19;28;22;12;16;4;29;34
ins184_m=4_j=40_t=60_sw=l_dens=d_var=4,479.0,5.994050025939941,3,5;34;27;38;36;18;26;15;32;24;9
