instance,makespan,execution_time,machine_id,jobs
ins474_m=4_j=60_t=120_sw=h_dens=d_var=14,2179.0,9.6009681224823,0,19;12;31;10;33;57;44;41;1;51;35;14;24;6
ins474_m=4_j=60_t=120_sw=h_dens=d_var=14,2179.0,9.6009681224823,1,26;37;15;53;8;34;11;56;20;40;17;9;54;36;45
ins474_m=4_j=60_t=120_sw=h_dens=d_var=14,2179.0,9.6009681224823,2,11;22;53;26;7;39;32;49;56;10;54;48;6;21;0;5
ins474_m=4_j=60_t=120_sw=h_dens=d_var=14,2179.0,9.6009681224823,3,2;18;30;4;24;59;47;46;52;29;55;43;27;3;28
