instance,makespan,execution_time,machine_id,jobs
ins454_m=4_j=60_t=120_sw=h_dens=s_var=14,551.0,8.93332552909851,0,26;15;0;52;33;20;18;25;53;3;42;31;35;43;44
ins454_m=4_j=60_t=120_sw=h_dens=s_var=14,551.0,8.93332552909851,1,23;56;39;42;4;14;50;30;48;31;40;2;13;29;24
ins454_m=4_j=60_t=120_sw=h_dens=s_var=14,551.0,8.93332552909851,2,36;7;24;3;50;33;20;38;14;12;2;26;13;30;39
ins454_m=4_j=60_t=120_sw=h_dens=s_var=14,551.0,8.93332552909851,3,47;50;26;45;21;7;0;16;40;37;19;25;34;3;20
