instance,makespan,execution_time,machine_id,jobs
ins532_m=6_j=80_t=120_sw=h_dens=s_var=12,666.0,15.341083526611328,0,55;25;63;68;57;34;19;56;78;31;42;67;54;21
ins532_m=6_j=80_t=120_sw=h_dens=s_var=12,666.0,15.341083526611328,1,30;53;50;65;67;31;20;6;42;55;10;19;60;3
ins532_m=6_j=80_t=120_sw=h_dens=s_var=12,666.0,15.341083526611328,2,43;32;76;61;66;48;41;46;64;35;52;74;4
ins532_m=6_j=80_t=120_sw=h_dens=s_var=12,666.0,15.341083526611328,3,21;63;72;79;39;16;25;27;9;29;70;68;33
ins532_m=6_j=80_t=120_sw=h_dens=s_var=12,666.0,15.341083526611328,4,58;13;78;49;51;8;38;56;59;75;73;12;23
ins532_m=6_j=80_t=120_sw=h_dens=s_var=12,666.0,15.341083526611328,5,45;1;77;36;2;37;11;40;22;14;62;28;26
