instance,makespan,execution_time,machine_id,jobs
ins227_m=4_j=40_t=60_sw=h_dens=d_var=7,941.0,5.944113492965698,0,15;17;5;28;2;35;10
ins227_m=4_j=40_t=60_sw=h_dens=d_var=7,941.0,5.944113492965698,1,0;6;34;3;27;36;7;25;18
ins227_m=4_j=40_t=60_sw=h_dens=d_var=7,941.0,5.944113492965698,2,7;13;31;3;24;25;23;6;9
ins227_m=4_j=40_t=60_sw=h_dens=d_var=7,941.0,5.944113492965698,3,21;29;30;14;11;38;37;32;4;19;39;12;26
