instance,makespan,execution_time,machine_id,jobs
ins378_m=4_j=40_t=120_sw=h_dens=s_var=18,346.0,6.35152006149292,0,26;17;13;34;3;33;15;27;21;14
ins378_m=4_j=40_t=120_sw=h_dens=s_var=18,346.0,6.35152006149292,1,37;26;9;6;17;22;11;13;39;20
ins378_m=4_j=40_t=120_sw=h_dens=s_var=18,346.0,6.35152006149292,2,34;2;20;24;17;25;37;9;21;28
ins378_m=4_j=40_t=120_sw=h_dens=s_var=18,346.0,6.35152006149292,3,38;27;20;9;36;29;32;33;26;8
