instance,makespan,execution_time,machine_id,jobs
ins89_m=3_j=15_t=15_var=9,34.0,2.693690299987793,0,10;9;2;7;13
ins89_m=3_j=15_t=15_var=9,34.0,2.693690299987793,1,5;6;12;1;11
ins89_m=3_j=15_t=15_var=9,34.0,2.693690299987793,2,4;12;0;5;7
