instance,makespan,execution_time,machine_id,jobs
ins409_m=4_j=60_t=120_sw=l_dens=s_var=9,361.0,8.927990198135376,0,26;10;14;47;3;5;37;49;54;31;6;21;27;33;43
ins409_m=4_j=60_t=120_sw=l_dens=s_var=9,361.0,8.927990198135376,1,45;53;56;30;28;48;49;46;36;33;39;29;11;42;57
ins409_m=4_j=60_t=120_sw=l_dens=s_var=9,361.0,8.927990198135376,2,40;17;3;44;49;52;10;6;35;4;7;22;32;50;43
ins409_m=4_j=60_t=120_sw=l_dens=s_var=9,361.0,8.927990198135376,3,54;56;30;28;41;25;16;55;12;36;5;31;27;29;38
