instance,makespan,execution_time,machine_id,jobs
ins55_m=2_j=10_t=15_var=15,40.0,2.039415121078491,0,8;4;5;0;3
ins55_m=2_j=10_t=15_var=15,40.0,2.039415121078491,1,7;2;0;4;9
