instance,makespan,execution_time,machine_id,jobs
ins305_m=4_j=60_t=60_sw=h_dens=d_var=5,1071.0,8.295899629592896,0,15;33;32;40;52;25;38;26;12;27;14;30;23
ins305_m=4_j=60_t=60_sw=h_dens=d_var=5,1071.0,8.295899629592896,1,16;46;55;29;38;11;44;19;39;32;47;56;6;14
ins305_m=4_j=60_t=60_sw=h_dens=d_var=5,1071.0,8.295899629592896,2,36;24;17;11;58;5;0;34;45;12;1;20;9;57
ins305_m=4_j=60_t=60_sw=h_dens=d_var=5,1071.0,8.295899629592896,3,37;53;4;28;10;49;43;18;3;54;13;35;42;2;17
