instance,makespan,execution_time,machine_id,jobs
ins338_m=4_j=40_t=120_sw=l_dens=s_var=18,204.0,6.397355318069458,0,1;12;24;9;29;14;2;20;16;28
ins338_m=4_j=40_t=120_sw=l_dens=s_var=18,204.0,6.397355318069458,1,11;36;13;15;14;39;12;2;22;32
ins338_m=4_j=40_t=120_sw=l_dens=s_var=18,204.0,6.397355318069458,2,17;28;31;27;18;3;10;29;9;23
ins338_m=4_j=40_t=120_sw=l_dens=s_var=18,204.0,6.397355318069458,3,11;23;33;7;16;29;24;20;0;30
