instance,makespan,execution_time,machine_id,jobs
ins329_m=4_j=40_t=120_sw=l_dens=s_var=9,233.0,6.288840055465698,0,23;11;21;26;35;30;19;28;8;0
ins329_m=4_j=40_t=120_sw=l_dens=s_var=9,233.0,6.288840055465698,1,38;15;23;28;8;7;30;26;25;20
ins329_m=4_j=40_t=120_sw=l_dens=s_var=9,233.0,6.288840055465698,2,13;30;15;1;9;5;22;34;3;33
ins329_m=4_j=40_t=120_sw=l_dens=s_var=9,233.0,6.288840055465698,3,34;21;0;23;32;36;9;2;28;10
