instance,makespan,execution_time,machine_id,jobs
ins395_m=4_j=40_t=120_sw=h_dens=d_var=15,1656.0,6.430596351623535,0,19;16;23;35;15;8;39;17;9
ins395_m=4_j=40_t=120_sw=h_dens=d_var=15,1656.0,6.430596351623535,1,9;30;5;1;22;13;7;38;20;21
ins395_m=4_j=40_t=120_sw=h_dens=d_var=15,1656.0,6.430596351623535,2,9;28;11;2;34;33;25;10;31;36;12
ins395_m=4_j=40_t=120_sw=h_dens=d_var=15,1656.0,6.430596351623535,3,6;29;0;4;14;37;18;24;32;3
