instance,makespan,execution_time,machine_id,jobs
ins330_m=4_j=40_t=120_sw=l_dens=s_var=10,215.0,6.293919563293457,0,27;5;32;16;7;8;38;9;13;17
ins330_m=4_j=40_t=120_sw=l_dens=s_var=10,215.0,6.293919563293457,1,19;25;34;2;5;29;21;22;31;24
ins330_m=4_j=40_t=120_sw=l_dens=s_var=10,215.0,6.293919563293457,2,5;29;10;38;23;37;7;36;35;1
ins330_m=4_j=40_t=120_sw=l_dens=s_var=10,215.0,6.293919563293457,3,1;29;35;37;32;15;19;8;16;24
