instance,makespan,execution_time,machine_id,jobs
ins188_m=4_j=40_t=60_sw=l_dens=d_var=8,461.0,5.931807041168213,0,14;24;11;7;2;17;36;19;27
ins188_m=4_j=40_t=60_sw=l_dens=d_var=8,461.0,5.931807041168213,1,31;32;22;12;0;38;13;33;10
ins188_m=4_j=40_t=60_sw=l_dens=d_var=8,461.0,5.931807041168213,2,0;32;34;25;6;23;15;18;31;1
ins188_m=4_j=40_t=60_sw=l_dens=d_var=8,461.0,5.931807041168213,3,28;5;29;1;30;3;25;8;35;21
