instance,makespan,execution_time,machine_id,jobs
ins211_m=4_j=40_t=60_sw=h_dens=s_var=11,190.0,5.808563470840454,0,8;5;27;7;38;32;13;16;17;9
ins211_m=4_j=40_t=60_sw=h_dens=s_var=11,190.0,5.808563470840454,1,24;7;19;11;5;33;30;20;2;4
ins211_m=4_j=40_t=60_sw=h_dens=s_var=11,190.0,5.808563470840454,2,6;21;32;25;35;26;29;3;1;17
ins211_m=4_j=40_t=60_sw=h_dens=s_var=11,190.0,5.808563470840454,3,24;35;9;38;7;21;30;34;29;32
