instance,makespan,execution_time,machine_id,jobs
ins406_m=4_j=60_t=120_sw=l_dens=s_var=6,378.0,8.857539653778076,0,17;33;0;34;16;6;59;22;44;20;23;36;40;8;1
ins406_m=4_j=60_t=120_sw=l_dens=s_var=6,378.0,8.857539653778076,1,30;26;58;3;42;12;57;53;6;2;20;10;50;46;22
ins406_m=4_j=60_t=120_sw=l_dens=s_var=6,378.0,8.857539653778076,2,12;13;0;18;36;14;32;6;24;27;55;31;1;35;15
ins406_m=4_j=60_t=120_sw=l_dens=s_var=6,378.0,8.857539653778076,3,46;55;48;23;17;43;57;42;35;27;15;26;47;41;58
