instance,makespan,execution_time,machine_id,jobs
ins366_m=4_j=40_t=120_sw=h_dens=s_var=6,280.0,6.3493969440460205,0,34;33;20;7;39;2;19;14;37;26
ins366_m=4_j=40_t=120_sw=h_dens=s_var=6,280.0,6.3493969440460205,1,38;2;17;9;22;25;33;0;37;16
ins366_m=4_j=40_t=120_sw=h_dens=s_var=6,280.0,6.3493969440460205,2,0;22;15;30;36;7;1;2;16;19
ins366_m=4_j=40_t=120_sw=h_dens=s_var=6,280.0,6.3493969440460205,3,23;21;1;11;2;10;31;7;16;35
