instance,makespan,execution_time,machine_id,jobs
ins401_m=4_j=60_t=120_sw=l_dens=s_var=1,400.0,8.87444257736206,0,37;58;56;5;25;3;0;23;29;40;51;50;57;20;38
ins401_m=4_j=60_t=120_sw=l_dens=s_var=1,400.0,8.87444257736206,1,42;37;47;58;10;3;43;28;33;18;24;8;40;51;34
ins401_m=4_j=60_t=120_sw=l_dens=s_var=1,400.0,8.87444257736206,2,13;24;1;32;55;5;31;48;21;10;51;44;11;17;58
ins401_m=4_j=60_t=120_sw=l_dens=s_var=1,400.0,8.87444257736206,3,40;52;11;18;38;4;34;53;57;9;31;17;36;7;1
