instance,makespan,execution_time,machine_id,jobs
ins486_m=6_j=80_t=120_sw=l_dens=s_var=6,395.0,15.025857210159302,0,73;14;27;42;75;56;10;34;17;61;57;72;25;70
ins486_m=6_j=80_t=120_sw=l_dens=s_var=6,395.0,15.025857210159302,1,34;6;29;50;66;18;65;41;64;71;49;17;35;37
ins486_m=6_j=80_t=120_sw=l_dens=s_var=6,395.0,15.025857210159302,2,67;35;39;48;23;14;0;17;26;72;30;55;52
ins486_m=6_j=80_t=120_sw=l_dens=s_var=6,395.0,15.025857210159302,3,64;78;31;54;65;13;20;50;75;24;45;12;1
ins486_m=6_j=80_t=120_sw=l_dens=s_var=6,395.0,15.025857210159302,4,49;59;60;76;18;15;16;53;5;43;6;52;73
ins486_m=6_j=80_t=120_sw=l_dens=s_var=6,395.0,15.025857210159302,5,2;58;3;76;12;16;63;26;64;18;21;30;67
