instance,makespan,execution_time,machine_id,jobs
ins79_m=2_j=15_t=15_var=19,73.0,2.333465099334717,0,14;6;12;8;9;3;7;0
ins79_m=2_j=15_t=15_var=19,73.0,2.333465099334717,1,3;0;6;2;9;12;14
