instance,makespan,execution_time,machine_id,jobs
ins156_m=3_j=20_t=20_var=16,61.0,3.1720056533813477,0,7;17;8;13;3;18;15
ins156_m=3_j=20_t=20_var=16,61.0,3.1720056533813477,1,15;3;1;10;19;18;2
ins156_m=3_j=20_t=20_var=16,61.0,3.1720056533813477,2,2;1;7;8;0;6
