instance,makespan,execution_time,machine_id,jobs
ins515_m=6_j=80_t=120_sw=l_dens=d_var=15,1206.0,15.074370384216309,0,77;1;14;74;30;66;68;43;37;9;5;60;59;18
ins515_m=6_j=80_t=120_sw=l_dens=d_var=15,1206.0,15.074370384216309,1,61;68;59;18;53;5;77;19;65;25;42;39;57
ins515_m=6_j=80_t=120_sw=l_dens=d_var=15,1206.0,15.074370384216309,2,77;19;48;18;34;13;55;7;67;16;23;56;53
ins515_m=6_j=80_t=120_sw=l_dens=d_var=15,1206.0,15.074370384216309,3,58;25;11;12;71;8;62;40;9;72;45;22;73
ins515_m=6_j=80_t=120_sw=l_dens=d_var=15,1206.0,15.074370384216309,4,79;19;73;6;70;38;63;28;24;76;36;69;29
ins515_m=6_j=80_t=120_sw=l_dens=d_var=15,1206.0,15.074370384216309,5,78;44;47;75;31;10;20;52;22;24;21;0;50;3
