instance,makespan,execution_time,machine_id,jobs
ins357_m=4_j=40_t=120_sw=l_dens=d_var=17,756.0,6.363692998886108,0,13;27;5;1;24;39;33;29;17;10
ins357_m=4_j=40_t=120_sw=l_dens=d_var=17,756.0,6.363692998886108,1,12;4;19;38;31;24;18;6;17
ins357_m=4_j=40_t=120_sw=l_dens=d_var=17,756.0,6.363692998886108,2,21;8;32;0;9;16;28;12;34
ins357_m=4_j=40_t=120_sw=l_dens=d_var=17,756.0,6.363692998886108,3,15;26;9;11;33;8;2;30;3;22;7
