instance,makespan,execution_time,machine_id,jobs
ins345_m=4_j=40_t=120_sw=l_dens=d_var=5,689.0,6.28261399269104,0,19;10;25;16;0;12;26;34
ins345_m=4_j=40_t=120_sw=l_dens=d_var=5,689.0,6.28261399269104,1,31;11;14;35;33;20;38;39
ins345_m=4_j=40_t=120_sw=l_dens=d_var=5,689.0,6.28261399269104,2,22;8;23;13;18;24;17;15;27
ins345_m=4_j=40_t=120_sw=l_dens=d_var=5,689.0,6.28261399269104,3,23;28;30;21;4;1;2;7;29;27
