instance,makespan,execution_time,machine_id,jobs
ins62_m=2_j=15_t=15_var=2,57.0,2.3059582710266113,0,7;12;10;1;0;8;5;2
ins62_m=2_j=15_t=15_var=2,57.0,2.3059582710266113,1,9;13;6;4;3;11;14
