instance,makespan,execution_time,machine_id,jobs
ins347_m=4_j=40_t=120_sw=l_dens=d_var=7,858.0,6.319645643234253,0,24;23;19;16;35;21;25;17;10
ins347_m=4_j=40_t=120_sw=l_dens=d_var=7,858.0,6.319645643234253,1,18;13;19;20;3;27;17;33;6
ins347_m=4_j=40_t=120_sw=l_dens=d_var=7,858.0,6.319645643234253,2,32;4;30;22;38;14;36;39;9;29
ins347_m=4_j=40_t=120_sw=l_dens=d_var=7,858.0,6.319645643234253,3,2;38;30;12;5;37;15;11;26;0
