instance,makespan,execution_time,machine_id,jobs
ins14_m=2_j=10_t=10_var=14,36.0,1.9978129863739014,0,5;0;2;7;9
ins14_m=2_j=10_t=10_var=14,36.0,1.9978129863739014,1,3;6;5;8;7
