instance,makespan,execution_time,machine_id,jobs
ins262_m=4_j=60_t=60_sw=l_dens=d_var=2,713.0,8.306700468063354,0,11;25;3;33;45;43;48;35;39;26;15;28;50
ins262_m=4_j=60_t=60_sw=l_dens=d_var=2,713.0,8.306700468063354,1,36;58;57;4;2;9;41;18;15;27;12;19;0;10
ins262_m=4_j=60_t=60_sw=l_dens=d_var=2,713.0,8.306700468063354,2,6;1;29;47;22;31;54;27;37;56;53;7;21;46;20
ins262_m=4_j=60_t=60_sw=l_dens=d_var=2,713.0,8.306700468063354,3,59;41;44;13;55;23;52;5;49;40;32;38;17;42;20
