instance,makespan,execution_time,machine_id,jobs
ins351_m=4_j=40_t=120_sw=l_dens=d_var=11,931.0,6.384778738021851,0,10;36;12;23;25;1;2
ins351_m=4_j=40_t=120_sw=l_dens=d_var=11,931.0,6.384778738021851,1,27;5;39;21;33;4;2;28;6;37;3
ins351_m=4_j=40_t=120_sw=l_dens=d_var=11,931.0,6.384778738021851,2,16;13;32;35;31;19;22;0;18;38
ins351_m=4_j=40_t=120_sw=l_dens=d_var=11,931.0,6.384778738021851,3,15;20;35;14;30;17;7;26;22;34;8
