instance,makespan,execution_time,machine_id,jobs
ins432_m=4_j=60_t=120_sw=l_dens=d_var=12,1028.0,8.785815954208374,0,46;53;11;34;36;51;16;3;31;10;0;39;35;27
ins432_m=4_j=60_t=120_sw=l_dens=d_var=12,1028.0,8.785815954208374,1,11;1;58;10;32;15;22;38;7;21;46;45;27;29;20
ins432_m=4_j=60_t=120_sw=l_dens=d_var=12,1028.0,8.785815954208374,2,8;25;23;53;7;54;28;55;45;26;46;12;43;17
ins432_m=4_j=60_t=120_sw=l_dens=d_var=12,1028.0,8.785815954208374,3,59;14;57;0;30;5;19;33;44;40;15;50;9;49;18;41
