instance,makespan,execution_time,machine_id,jobs
ins264_m=4_j=60_t=60_sw=l_dens=d_var=4,676.0,8.281040668487549,0,36;35;40;52;56;9;43;47;41;2;21;0;11
ins264_m=4_j=60_t=60_sw=l_dens=d_var=4,676.0,8.281040668487549,1,19;55;47;7;16;39;17;37;4;5;38;24;22;31;12
ins264_m=4_j=60_t=60_sw=l_dens=d_var=4,676.0,8.281040668487549,2,52;44;57;10;29;15;25;33;12;7;54;3;42;59;46
ins264_m=4_j=60_t=60_sw=l_dens=d_var=4,676.0,8.281040668487549,3,35;26;53;48;28;33;1;34;30;58;20;16;27;6;14
