instance,makespan,execution_time,machine_id,jobs
ins523_m=6_j=80_t=120_sw=h_dens=s_var=3,609.0,15.095813512802124,0,50;30;0;32;41;5;24;70;45;47;3;43;31;79
ins523_m=6_j=80_t=120_sw=h_dens=s_var=3,609.0,15.095813512802124,1,0;41;20;30;29;7;22;24;9;74;45;63;58;79
ins523_m=6_j=80_t=120_sw=h_dens=s_var=3,609.0,15.095813512802124,2,74;20;1;15;40;34;60;69;25;21;63;24;72
ins523_m=6_j=80_t=120_sw=h_dens=s_var=3,609.0,15.095813512802124,3,65;33;15;26;66;36;67;42;73;57;46;6;70
ins523_m=6_j=80_t=120_sw=h_dens=s_var=3,609.0,15.095813512802124,4,75;39;32;36;26;37;8;9;66;35;29;58;16
ins523_m=6_j=80_t=120_sw=h_dens=s_var=3,609.0,15.095813512802124,5,62;46;54;68;67;73;64;78;7;4;3;56;17
