instance,makespan,execution_time,machine_id,jobs
ins210_m=4_j=40_t=60_sw=h_dens=s_var=10,162.0,5.779606342315674,0,37;25;39;4;19;32;3;34;10;11
ins210_m=4_j=40_t=60_sw=h_dens=s_var=10,162.0,5.779606342315674,1,14;18;16;38;6;19;37;7;17;24
ins210_m=4_j=40_t=60_sw=h_dens=s_var=10,162.0,5.779606342315674,2,11;24;25;39;32;7;21;28;10;9
ins210_m=4_j=40_t=60_sw=h_dens=s_var=10,162.0,5.779606342315674,3,30;22;32;4;34;7;21;2;25;19
