instance,makespan,execution_time,machine_id,jobs
ins633_m=6_j=120_t=120_sw=h_dens=d_var=13,3414.0,21.545188426971436,0,105;36;90;41;29;57;64;24;3;89;35;9;85;79;116;94;110;108;22
ins633_m=6_j=120_t=120_sw=h_dens=d_var=13,3414.0,21.545188426971436,1,1;98;107;45;88;95;48;76;96;5;108;3;105;29;43;72;19;117;59;109
ins633_m=6_j=120_t=120_sw=h_dens=d_var=13,3414.0,21.545188426971436,2,21;81;62;71;27;32;26;99;17;55;111;91;101;74;96;118;13;97;54;113
ins633_m=6_j=120_t=120_sw=h_dens=d_var=13,3414.0,21.545188426971436,3,66;59;99;87;16;62;14;70;21;37;119;82;47;106;63;68;33;84;115;67
ins633_m=6_j=120_t=120_sw=h_dens=d_var=13,3414.0,21.545188426971436,4,49;114;31;78;18;12;84;80;63;6;119;7;82;112;20;53;15;51;11;73
ins633_m=6_j=120_t=120_sw=h_dens=d_var=13,3414.0,21.545188426971436,5,68;63;86;93;39;56;65;19;20;69;52;2;15;44;50;104;73;7;103;25
