instance,makespan,execution_time,machine_id,jobs
ins492_m=6_j=80_t=120_sw=l_dens=s_var=12,406.0,14.61187744140625,0,27;7;74;79;52;58;55;0;30;29;6;61;21;13
ins492_m=6_j=80_t=120_sw=l_dens=s_var=12,406.0,14.61187744140625,1,16;20;15;17;31;58;27;21;23;73;40;71;24;50
ins492_m=6_j=80_t=120_sw=l_dens=s_var=12,406.0,14.61187744140625,2,49;58;15;56;39;29;46;27;45;57;76;21;41
ins492_m=6_j=80_t=120_sw=l_dens=s_var=12,406.0,14.61187744140625,3,70;16;74;17;51;11;71;78;3;24;34;37;38
ins492_m=6_j=80_t=120_sw=l_dens=s_var=12,406.0,14.61187744140625,4,43;7;78;64;19;73;62;30;72;36;33;13;3
ins492_m=6_j=80_t=120_sw=l_dens=s_var=12,406.0,14.61187744140625,5,59;18;31;54;66;60;52;28;33;68;35;61;4
