instance,makespan,execution_time,machine_id,jobs
ins64_m=2_j=15_t=15_var=4,63.0,2.3360581398010254,0,14;10;11;2;9;5;3;12
ins64_m=2_j=15_t=15_var=4,63.0,2.3360581398010254,1,14;8;4;13;6;7;5
