instance,makespan,execution_time,machine_id,jobs
ins566_m=6_j=120_t=120_sw=l_dens=s_var=6,636.0,21.47543430328369,0,21;55;112;117;33;100;50;54;6;82;24;90;119;111;52;57;78;107;56;70
ins566_m=6_j=120_t=120_sw=l_dens=s_var=6,636.0,21.47543430328369,1,13;75;15;109;84;64;62;103;18;113;38;7;20;95;79;2;17;50;26;11
ins566_m=6_j=120_t=120_sw=l_dens=s_var=6,636.0,21.47543430328369,2,119;106;23;4;69;70;109;47;107;99;92;71;15;8;10;74;42;68;91;52
ins566_m=6_j=120_t=120_sw=l_dens=s_var=6,636.0,21.47543430328369,3,117;45;56;84;8;1;15;66;113;27;80;103;20;38;0;10;34;14;11;81
ins566_m=6_j=120_t=120_sw=l_dens=s_var=6,636.0,21.47543430328369,4,65;40;80;102;86;112;61;105;63;75;50;16;54;117;88;31;66;19;82;24
ins566_m=6_j=120_t=120_sw=l_dens=s_var=6,636.0,21.47543430328369,5,96;76;29;71;30;34;16;44;62;13;108;1;19;3;41;60;95;91;54;42
