instance,makespan,execution_time,machine_id,jobs
ins54_m=2_j=10_t=15_var=14,41.0,2.022380828857422,0,7;5;9;1;0
ins54_m=2_j=10_t=15_var=14,41.0,2.022380828857422,1,2;1;5;7;0
