instance,makespan,execution_time,machine_id,jobs
ins148_m=3_j=20_t=20_var=8,56.0,3.2449803352355957,0,15;19;10;14;7;9;8
ins148_m=3_j=20_t=20_var=8,56.0,3.2449803352355957,1,11;2;5;9;1;14;12
ins148_m=3_j=20_t=20_var=8,56.0,3.2449803352355957,2,15;2;18;5;4;10
