instance,makespan,execution_time,machine_id,jobs
ins239_m=4_j=40_t=60_sw=h_dens=d_var=19,662.0,5.963351726531982,0,35;4;6;5;9;16;29;1
ins239_m=4_j=40_t=60_sw=h_dens=d_var=19,662.0,5.963351726531982,1,20;0;17;37;32;10;12;18;33;31
ins239_m=4_j=40_t=60_sw=h_dens=d_var=19,662.0,5.963351726531982,2,18;26;29;36;14;25;11;31;15;3
ins239_m=4_j=40_t=60_sw=h_dens=d_var=19,662.0,5.963351726531982,3,30;23;22;8;13;21;27;7;24;38;19
