instance,makespan,execution_time,machine_id,jobs
ins505_m=6_j=80_t=120_sw=l_dens=d_var=5,1240.0,14.605547904968262,0,77;10;63;72;36;65;29;43;28;22;27;60;68
ins505_m=6_j=80_t=120_sw=l_dens=d_var=5,1240.0,14.605547904968262,1,22;8;48;76;58;36;65;46;6;60;70;23;64;18
ins505_m=6_j=80_t=120_sw=l_dens=d_var=5,1240.0,14.605547904968262,2,56;37;66;52;67;2;54;78;45;35;41;50;3
ins505_m=6_j=80_t=120_sw=l_dens=d_var=5,1240.0,14.605547904968262,3,42;2;15;66;57;4;78;45;20;61;11;39;26
ins505_m=6_j=80_t=120_sw=l_dens=d_var=5,1240.0,14.605547904968262,4,1;30;59;62;74;57;34;69;19;0;12;33
ins505_m=6_j=80_t=120_sw=l_dens=d_var=5,1240.0,14.605547904968262,5,53;75;24;11;49;12;33;69;38;25;3;5;2;17
