instance,makespan,execution_time,machine_id,jobs
ins476_m=4_j=60_t=120_sw=h_dens=d_var=16,2412.0,8.756890296936035,0,30;27;48;40;39;49;13;47;31;59;54;20
ins476_m=4_j=60_t=120_sw=h_dens=d_var=16,2412.0,8.756890296936035,1,32;44;9;17;55;52;4;58;33;45;7;21;23;29;10
ins476_m=4_j=60_t=120_sw=h_dens=d_var=16,2412.0,8.756890296936035,2,50;5;2;12;53;52;56;7;35;22;55;17;42;38;46;51
ins476_m=4_j=60_t=120_sw=h_dens=d_var=16,2412.0,8.756890296936035,3,34;15;57;41;18;43;16;52;14;25;8;0;19;28;11;37
