instance,makespan,execution_time,machine_id,jobs
ins278_m=4_j=60_t=60_sw=l_dens=d_var=18,604.0,8.321739196777344,0,7;31;32;23;51;49;18;22;36;25;20;14
ins278_m=4_j=60_t=60_sw=l_dens=d_var=18,604.0,8.321739196777344,1,19;4;21;54;55;38;41;56;27;42;39;28;9;15
ins278_m=4_j=60_t=60_sw=l_dens=d_var=18,604.0,8.321739196777344,2,1;34;35;13;8;48;0;45;4;47;2;57;24
ins278_m=4_j=60_t=60_sw=l_dens=d_var=18,604.0,8.321739196777344,3,30;40;26;16;46;17;52;3;6;50;37;33;5;12;59;10;58;44
