instance,makespan,execution_time,machine_id,jobs
ins484_m=6_j=80_t=120_sw=l_dens=s_var=4,427.0,15.015576839447021,0,3;15;42;24;49;72;13;0;56;16;45;20;40;33
ins484_m=6_j=80_t=120_sw=l_dens=s_var=4,427.0,15.015576839447021,1,25;50;17;30;79;46;45;48;72;27;63;11;67;71
ins484_m=6_j=80_t=120_sw=l_dens=s_var=4,427.0,15.015576839447021,2,52;1;32;76;64;23;54;33;63;45;4;26;34
ins484_m=6_j=80_t=120_sw=l_dens=s_var=4,427.0,15.015576839447021,3,35;24;20;49;10;31;75;73;19;9;65;53;5
ins484_m=6_j=80_t=120_sw=l_dens=s_var=4,427.0,15.015576839447021,4,36;29;68;43;55;77;18;78;42;22;59;14;44
ins484_m=6_j=80_t=120_sw=l_dens=s_var=4,427.0,15.015576839447021,5,61;11;41;47;60;51;70;3;62;48;74;38;37
