instance,makespan,execution_time,machine_id,jobs
ins506_m=6_j=80_t=120_sw=l_dens=d_var=6,1297.0,14.814429759979248,0,4;15;73;2;50;23;3;29;48;43;12;57;19
ins506_m=6_j=80_t=120_sw=l_dens=d_var=6,1297.0,14.814429759979248,1,25;19;62;28;68;49;71;40;35;39;77;57;0;46
ins506_m=6_j=80_t=120_sw=l_dens=d_var=6,1297.0,14.814429759979248,2,35;48;24;65;53;21;50;38;3;25;59;9;36
ins506_m=6_j=80_t=120_sw=l_dens=d_var=6,1297.0,14.814429759979248,3,42;1;21;29;74;6;54;31;8;30;13;55;7
ins506_m=6_j=80_t=120_sw=l_dens=d_var=6,1297.0,14.814429759979248,4,41;26;33;18;10;5;45;6;11;34;72;67;51;14
ins506_m=6_j=80_t=120_sw=l_dens=d_var=6,1297.0,14.814429759979248,5,37;70;78;32;27;17;44;16;76;20;69;57;63
