instance,makespan,execution_time,machine_id,jobs
ins85_m=3_j=15_t=15_var=5,37.0,2.7446515560150146,0,1;4;10;2;7
ins85_m=3_j=15_t=15_var=5,37.0,2.7446515560150146,1,5;3;6;11;13
ins85_m=3_j=15_t=15_var=5,37.0,2.7446515560150146,2,12;6;0;11;10
