instance,makespan,execution_time,machine_id,jobs
ins147_m=3_j=20_t=20_var=7,60.0,3.21722674369812,0,8;18;7;17;6;0;10
ins147_m=3_j=20_t=20_var=7,60.0,3.21722674369812,1,3;2;15;18;1;16;7
ins147_m=3_j=20_t=20_var=7,60.0,3.21722674369812,2,2;7;1;11;0;9
