instance,makespan,execution_time,machine_id,jobs
ins526_m=6_j=80_t=120_sw=h_dens=s_var=6,671.0,15.150864362716675,0,76;3;23;31;62;44;42;8;45;51;27;70;2;15
ins526_m=6_j=80_t=120_sw=h_dens=s_var=6,671.0,15.150864362716675,1,30;73;3;6;8;42;26;15;1;55;39;50;14;63
ins526_m=6_j=80_t=120_sw=h_dens=s_var=6,671.0,15.150864362716675,2,38;17;61;9;59;4;47;31;74;20;72;68;51
ins526_m=6_j=80_t=120_sw=h_dens=s_var=6,671.0,15.150864362716675,3,11;66;79;58;24;33;52;40;18;21;71;5;35
ins526_m=6_j=80_t=120_sw=h_dens=s_var=6,671.0,15.150864362716675,4,33;63;17;5;43;16;35;79;40;31;53;42;60
ins526_m=6_j=80_t=120_sw=h_dens=s_var=6,671.0,15.150864362716675,5,1;68;58;30;66;33;20;63;24;0;11;75;32
