instance,makespan,execution_time,machine_id,jobs
ins514_m=6_j=80_t=120_sw=l_dens=d_var=14,1590.0,15.283188343048096,0,57;54;75;34;23;32;7;61;51;76;59;8;14
ins514_m=6_j=80_t=120_sw=l_dens=d_var=14,1590.0,15.283188343048096,1,62;19;26;34;4;31;12;76;57;77;20;16
ins514_m=6_j=80_t=120_sw=l_dens=d_var=14,1590.0,15.283188343048096,2,79;67;10;66;29;32;15;18;59;74;68;43;22
ins514_m=6_j=80_t=120_sw=l_dens=d_var=14,1590.0,15.283188343048096,3,8;0;73;64;78;38;30;69;21;40;54;70;2
ins514_m=6_j=80_t=120_sw=l_dens=d_var=14,1590.0,15.283188343048096,4,54;63;73;46;47;29;25;12;64;50;60;65;49
ins514_m=6_j=80_t=120_sw=l_dens=d_var=14,1590.0,15.283188343048096,5,28;9;72;58;11;52;1;45;53;41;39;48;13;33;17;35
