instance,makespan,execution_time,machine_id,jobs
ins153_m=3_j=20_t=20_var=13,58.0,3.183673620223999,0,18;14;17;2;10;12;0
ins153_m=3_j=20_t=20_var=13,58.0,3.183673620223999,1,3;2;10;1;8;5;4
ins153_m=3_j=20_t=20_var=13,58.0,3.183673620223999,2,0;11;17;13;16;2
