instance,makespan,execution_time,machine_id,jobs
ins114_m=3_j=20_t=15_var=14,51.0,3.1713812351226807,0,4;15;9;14;16;18;11
ins114_m=3_j=20_t=15_var=14,51.0,3.1713812351226807,1,14;10;1;9;6;5;2
ins114_m=3_j=20_t=15_var=14,51.0,3.1713812351226807,2,0;18;9;1;15;7
