instance,makespan,execution_time,machine_id,jobs
ins61_m=2_j=15_t=15_var=1,54.0,2.33713960647583,0,0;5;8;13;7;4;6;2
ins61_m=2_j=15_t=15_var=1,54.0,2.33713960647583,1,6;4;2;10;14;5;9
