instance,makespan,execution_time,machine_id,jobs
ins521_m=6_j=80_t=120_sw=h_dens=s_var=1,648.0,14.94669246673584,0,14;40;60;70;45;26;2;77;15;44;32;35;63;49
ins521_m=6_j=80_t=120_sw=h_dens=s_var=1,648.0,14.94669246673584,1,2;3;20;1;76;75;37;46;40;34;68;19;22;52
ins521_m=6_j=80_t=120_sw=h_dens=s_var=1,648.0,14.94669246673584,2,0;64;34;56;65;71;4;27;24;23;66;36;53
ins521_m=6_j=80_t=120_sw=h_dens=s_var=1,648.0,14.94669246673584,3,28;56;43;73;77;36;15;59;74;41;46;7;42
ins521_m=6_j=80_t=120_sw=h_dens=s_var=1,648.0,14.94669246673584,4,29;4;71;21;73;1;42;13;27;41;54;72;78
ins521_m=6_j=80_t=120_sw=h_dens=s_var=1,648.0,14.94669246673584,5,39;19;50;52;62;59;30;8;75;48;58;6;1
