instance,makespan,execution_time,machine_id,jobs
ins290_m=4_j=60_t=60_sw=h_dens=s_var=10,373.0,8.330779790878296,0,17;53;35;27;45;18;30;8;54;57;41;12;28;58;15
ins290_m=4_j=60_t=60_sw=h_dens=s_var=10,373.0,8.330779790878296,1,20;54;11;57;18;39;49;33;14;41;31;13;48;17;50
ins290_m=4_j=60_t=60_sw=h_dens=s_var=10,373.0,8.330779790878296,2,7;13;3;24;2;33;50;39;26;38;30;20;14;36;12
ins290_m=4_j=60_t=60_sw=h_dens=s_var=10,373.0,8.330779790878296,3,9;19;4;2;56;46;39;52;22;3;23;0;40;59;48
