instance,makespan,execution_time,machine_id,jobs
ins317_m=4_j=60_t=60_sw=h_dens=d_var=17,1108.0,8.324482679367065,0,30;8;42;6;2;44;37;3;11;4;49;25;43;28
ins317_m=4_j=60_t=60_sw=h_dens=d_var=17,1108.0,8.324482679367065,1,45;47;26;18;33;9;50;55;56;0;43;22;51;42
ins317_m=4_j=60_t=60_sw=h_dens=d_var=17,1108.0,8.324482679367065,2,48;53;9;28;39;15;13;4;31;17;45;1;59;12;32
ins317_m=4_j=60_t=60_sw=h_dens=d_var=17,1108.0,8.324482679367065,3,38;34;16;21;10;59;12;13;5;46;40;27;54;57;7
