instance,makespan,execution_time,machine_id,jobs
ins237_m=4_j=40_t=60_sw=h_dens=d_var=17,758.0,5.9673449993133545,0,34;2;15;31;11;28;6;35;20
ins237_m=4_j=40_t=60_sw=h_dens=d_var=17,758.0,5.9673449993133545,1,27;12;2;26;1;0;23;35;24
ins237_m=4_j=40_t=60_sw=h_dens=d_var=17,758.0,5.9673449993133545,2,13;37;22;32;7;10;30;5;4;18
ins237_m=4_j=40_t=60_sw=h_dens=d_var=17,758.0,5.9673449993133545,3,4;39;29;17;8;3;32;38;16;14
