instance,makespan,execution_time,machine_id,jobs
ins572_m=6_j=120_t=120_sw=l_dens=s_var=12,682.0,21.67574381828308,0,16;2;107;25;93;21;116;87;96;47;61;6;115;52;26;66;84;12;28;105
ins572_m=6_j=120_t=120_sw=l_dens=s_var=12,682.0,21.67574381828308,1,91;33;63;39;109;99;51;79;8;112;38;2;69;11;3;115;111;52;59;98
ins572_m=6_j=120_t=120_sw=l_dens=s_var=12,682.0,21.67574381828308,2,78;82;48;95;61;41;90;86;112;15;105;12;21;14;33;39;46;1;117;60
ins572_m=6_j=120_t=120_sw=l_dens=s_var=12,682.0,21.67574381828308,3,79;32;91;52;9;15;10;67;20;24;72;109;89;1;85;3;73;18;110;11
ins572_m=6_j=120_t=120_sw=l_dens=s_var=12,682.0,21.67574381828308,4,37;57;55;0;5;43;108;25;86;58;78;51;73;64;114;18;16;101;35;80
ins572_m=6_j=120_t=120_sw=l_dens=s_var=12,682.0,21.67574381828308,5,108;89;98;22;3;46;93;102;79;42;0;13;27;48;5;30;11;59;18;12
