instance,makespan,execution_time,machine_id,jobs
ins637_m=6_j=120_t=120_sw=h_dens=d_var=17,3299.0,21.20951199531555,0,27;104;79;61;83;55;113;108;109;32;10;34;89;105;53;72;116;111;90;118
ins637_m=6_j=120_t=120_sw=h_dens=d_var=17,3299.0,21.20951199531555,1,61;80;112;50;65;43;4;75;3;7;15;56;31;92;42;108;32;104;46;76
ins637_m=6_j=120_t=120_sw=h_dens=d_var=17,3299.0,21.20951199531555,2,76;38;110;23;87;80;92;64;40;19;46;69;98;117;57;5;9;28;20;99
ins637_m=6_j=120_t=120_sw=h_dens=d_var=17,3299.0,21.20951199531555,3,54;86;20;62;4;73;58;103;17;2;8;116;77;97;70;43;85;91;44;41
ins637_m=6_j=120_t=120_sw=h_dens=d_var=17,3299.0,21.20951199531555,4,5;74;119;7;45;95;106;58;59;101;46;22;94;26;68;76;29;9;52;102
ins637_m=6_j=120_t=120_sw=h_dens=d_var=17,3299.0,21.20951199531555,5,11;37;114;81;93;1;100;58;68;33;39;82;18;73;14;35;60;78;6;63
