instance,makespan,execution_time,machine_id,jobs
ins599_m=6_j=120_t=120_sw=l_dens=d_var=19,2063.0,21.313300132751465,0,98;108;15;52;5;100;32;12;8;58;22;91;21;26;115;14;1;40;57;86
ins599_m=6_j=120_t=120_sw=l_dens=d_var=19,2063.0,21.313300132751465,1,110;32;96;92;11;52;0;12;42;44;89;113;41;58;30;47;95;108;4
ins599_m=6_j=120_t=120_sw=l_dens=d_var=19,2063.0,21.313300132751465,2,50;95;51;117;114;75;13;83;56;67;40;93;11;43;81;70;10;118;87;37
ins599_m=6_j=120_t=120_sw=l_dens=d_var=19,2063.0,21.313300132751465,3,16;39;64;103;6;80;67;28;108;19;78;27;72;34;61;52;88;117;53;51
ins599_m=6_j=120_t=120_sw=l_dens=d_var=19,2063.0,21.313300132751465,4,101;116;99;106;74;24;102;23;85;48;18;79;63;46;9;71;47;84;20
ins599_m=6_j=120_t=120_sw=l_dens=d_var=19,2063.0,21.313300132751465,5,2;3;94;109;7;68;17;105;69;66;62;82;97;65;112;38;107;59;60;25;73
