instance,makespan,execution_time,machine_id,jobs
ins402_m=4_j=60_t=120_sw=l_dens=s_var=2,354.0,8.71949291229248,0,15;3;49;45;25;53;41;7;32;10;52;17;16;19;8
ins402_m=4_j=60_t=120_sw=l_dens=s_var=2,354.0,8.71949291229248,1,34;40;13;30;31;46;22;45;33;1;17;52;9;37;50
ins402_m=4_j=60_t=120_sw=l_dens=s_var=2,354.0,8.71949291229248,2,43;37;46;51;26;12;22;35;55;11;28;57;36;34;44
ins402_m=4_j=60_t=120_sw=l_dens=s_var=2,354.0,8.71949291229248,3,26;19;38;6;55;47;34;46;53;36;41;50;33;42;25
