instance,makespan,execution_time,machine_id,jobs
ins607_m=6_j=120_t=120_sw=h_dens=s_var=7,1046.0,21.54883337020874,0,30;27;1;28;51;107;52;6;47;7;26;85;98;99;92;56;4;72;29;91
ins607_m=6_j=120_t=120_sw=h_dens=s_var=7,1046.0,21.54883337020874,1,45;50;8;31;25;27;38;85;114;34;106;7;79;61;96;60;87;29;76;57
ins607_m=6_j=120_t=120_sw=h_dens=s_var=7,1046.0,21.54883337020874,2,42;73;44;31;34;67;70;82;25;8;108;58;37;103;39;106;40;119;88;3
ins607_m=6_j=120_t=120_sw=h_dens=s_var=7,1046.0,21.54883337020874,3,11;36;48;117;1;51;98;13;49;54;38;50;21;58;64;116;47;70;26;12
ins607_m=6_j=120_t=120_sw=h_dens=s_var=7,1046.0,21.54883337020874,4,87;94;10;67;50;25;106;72;1;33;39;117;63;82;113;101;77;104;61;47
ins607_m=6_j=120_t=120_sw=h_dens=s_var=7,1046.0,21.54883337020874,5,54;2;13;32;89;114;112;113;53;43;64;101;71;22;78;69;84;18;116;83
