instance,makespan,execution_time,machine_id,jobs
ins494_m=6_j=80_t=120_sw=l_dens=s_var=14,388.0,14.571072101593018,0,76;25;14;57;46;10;36;33;66;61;60;11;51;64
ins494_m=6_j=80_t=120_sw=l_dens=s_var=14,388.0,14.571072101593018,1,35;47;45;42;72;6;44;10;55;2;26;9;79;19
ins494_m=6_j=80_t=120_sw=l_dens=s_var=14,388.0,14.571072101593018,2,48;23;46;21;78;56;61;15;60;14;79;12;41
ins494_m=6_j=80_t=120_sw=l_dens=s_var=14,388.0,14.571072101593018,3,47;26;52;44;39;68;56;2;79;28;50;20;13
ins494_m=6_j=80_t=120_sw=l_dens=s_var=14,388.0,14.571072101593018,4,6;78;11;61;76;23;20;22;35;37;8;60;71
ins494_m=6_j=80_t=120_sw=l_dens=s_var=14,388.0,14.571072101593018,5,40;19;0;57;55;75;50;2;62;25;72;34;21
