instance,makespan,execution_time,machine_id,jobs
ins574_m=6_j=120_t=120_sw=l_dens=s_var=14,597.0,21.556001901626587,0,8;105;63;1;7;109;113;46;10;93;118;68;28;96;64;24;17;11;35;86
ins574_m=6_j=120_t=120_sw=l_dens=s_var=14,597.0,21.556001901626587,1,98;34;57;71;47;8;69;119;92;25;64;7;108;16;68;85;89;11;82;42
ins574_m=6_j=120_t=120_sw=l_dens=s_var=14,597.0,21.556001901626587,2,11;50;69;104;38;100;114;88;113;21;65;26;53;97;22;19;7;112;41;27
ins574_m=6_j=120_t=120_sw=l_dens=s_var=14,597.0,21.556001901626587,3,95;89;110;30;65;19;32;60;3;113;11;104;24;105;21;80;61;97;96;38
ins574_m=6_j=120_t=120_sw=l_dens=s_var=14,597.0,21.556001901626587,4,90;64;107;47;91;42;76;89;102;32;116;33;46;25;4;0;59;49;36;118
ins574_m=6_j=120_t=120_sw=l_dens=s_var=14,597.0,21.556001901626587,5,117;34;111;2;71;84;96;23;36;70;74;107;55;42;10;103;90;101;94;110
