instance,makespan,execution_time,machine_id,jobs
ins296_m=4_j=60_t=60_sw=h_dens=s_var=16,373.0,8.382740259170532,0,16;6;1;33;8;12;17;53;35;47;2;22;24;5;13
ins296_m=4_j=60_t=60_sw=h_dens=s_var=16,373.0,8.382740259170532,1,33;41;19;9;22;55;34;30;59;46;42;4;12;39;16
ins296_m=4_j=60_t=60_sw=h_dens=s_var=16,373.0,8.382740259170532,2,30;28;15;57;51;19;44;55;46;23;9;4;18;29;38
ins296_m=4_j=60_t=60_sw=h_dens=s_var=16,373.0,8.382740259170532,3,7;34;54;32;48;11;26;41;31;25;27;21;20;40;52
