instance,makespan,execution_time,machine_id,jobs
ins144_m=3_j=20_t=20_var=4,60.0,3.7069859504699707,0,2;4;17;18;5;11;0
ins144_m=3_j=20_t=20_var=4,60.0,3.7069859504699707,1,15;3;7;2;1;16;18
ins144_m=3_j=20_t=20_var=4,60.0,3.7069859504699707,2,19;15;2;10;18;12
