instance,makespan,execution_time,machine_id,jobs
ins556_m=6_j=80_t=120_sw=h_dens=d_var=16,2029.0,15.109496593475342,0,30;56;68;49;78;5;13;38;34;26;29;74;2;14
ins556_m=6_j=80_t=120_sw=h_dens=d_var=16,2029.0,15.109496593475342,1,63;66;30;61;76;58;74;59;16;73;35;53;15
ins556_m=6_j=80_t=120_sw=h_dens=d_var=16,2029.0,15.109496593475342,2,37;54;55;32;10;44;49;46;43;67;70;38;71
ins556_m=6_j=80_t=120_sw=h_dens=d_var=16,2029.0,15.109496593475342,3,25;76;3;44;11;75;41;4;6;45;36;1;49
ins556_m=6_j=80_t=120_sw=h_dens=d_var=16,2029.0,15.109496593475342,4,1;69;78;64;28;32;29;24;39;77;9;60;25
ins556_m=6_j=80_t=120_sw=h_dens=d_var=16,2029.0,15.109496593475342,5,0;79;2;31;22;21;75;24;9;4;69;77;17;8
