instance,makespan,execution_time,machine_id,jobs
ins174_m=4_j=40_t=60_sw=l_dens=s_var=14,170.0,5.928921461105347,0,23;10;22;9;19;12;13;20;21;35
ins174_m=4_j=40_t=60_sw=l_dens=s_var=14,170.0,5.928921461105347,1,29;24;5;25;15;18;30;23;16;32
ins174_m=4_j=40_t=60_sw=l_dens=s_var=14,170.0,5.928921461105347,2,19;27;14;2;12;17;21;25;29;7
ins174_m=4_j=40_t=60_sw=l_dens=s_var=14,170.0,5.928921461105347,3,35;23;3;10;15;8;36;4;24;14
