instance,makespan,execution_time,machine_id,jobs
ins611_m=6_j=120_t=120_sw=h_dens=s_var=11,1052.0,21.730513095855713,0,35;18;52;96;7;41;31;5;19;23;39;85;99;4;25;56;105;82;77;68
ins611_m=6_j=120_t=120_sw=h_dens=s_var=11,1052.0,21.730513095855713,1,67;68;104;26;87;100;42;79;116;49;73;27;91;118;10;93;3;9;43;39
ins611_m=6_j=120_t=120_sw=h_dens=s_var=11,1052.0,21.730513095855713,2,65;3;69;60;24;101;79;86;20;119;74;27;109;61;106;33;90;62;6;44
ins611_m=6_j=120_t=120_sw=h_dens=s_var=11,1052.0,21.730513095855713,3,38;99;115;101;49;59;109;27;30;56;54;73;1;33;60;13;26;0;66;62
ins611_m=6_j=120_t=120_sw=h_dens=s_var=11,1052.0,21.730513095855713,4,15;14;104;67;53;92;37;46;30;72;95;107;110;115;34;100;17;112;55;29
ins611_m=6_j=120_t=120_sw=h_dens=s_var=11,1052.0,21.730513095855713,5,59;39;27;114;84;7;99;51;48;91;95;93;32;96;5;57;90;112;46;50
