instance,makespan,execution_time,machine_id,jobs
ins123_m=3_j=15_t=20_var=3,37.0,2.837292432785034,0,10;5;7;12;9
ins123_m=3_j=15_t=20_var=3,37.0,2.837292432785034,1,2;14;4;13;3
ins123_m=3_j=15_t=20_var=3,37.0,2.837292432785034,2,8;11;10;0;9
