instance,makespan,execution_time,machine_id,jobs
ins258_m=4_j=60_t=60_sw=l_dens=s_var=18,186.0,9.799279928207397,0,0;46;39;3;25;34;18;14;21;27;37;16;38;35;6
ins258_m=4_j=60_t=60_sw=l_dens=s_var=18,186.0,9.799279928207397,1,9;1;14;18;2;21;48;24;49;35;11;53;46;34;19
ins258_m=4_j=60_t=60_sw=l_dens=s_var=18,186.0,9.799279928207397,2,22;2;49;4;9;39;59;21;33;10;30;31;14;17;6
ins258_m=4_j=60_t=60_sw=l_dens=s_var=18,186.0,9.799279928207397,3,4;59;57;28;10;19;6;49;22;5;24;17;23;39;7
