instance,makespan,execution_time,machine_id,jobs
ins289_m=4_j=60_t=60_sw=h_dens=s_var=9,354.0,8.217373847961426,0,39;57;33;56;58;2;15;43;12;22;36;24;49;1;46
ins289_m=4_j=60_t=60_sw=h_dens=s_var=9,354.0,8.217373847961426,1,36;58;34;46;0;57;17;45;7;44;1;23;15;4;54
ins289_m=4_j=60_t=60_sw=h_dens=s_var=9,354.0,8.217373847961426,2,26;37;43;22;46;36;44;55;28;35;11;34;12;57;51
ins289_m=4_j=60_t=60_sw=h_dens=s_var=9,354.0,8.217373847961426,3,31;2;40;26;28;23;32;25;10;7;15;47;20;57;16
