instance,makespan,execution_time,machine_id,jobs
ins551_m=6_j=80_t=120_sw=h_dens=d_var=11,2181.0,14.834418773651123,0,41;35;60;39;7;32;53;72;76;42;57;79;73;10
ins551_m=6_j=80_t=120_sw=h_dens=d_var=11,2181.0,14.834418773651123,1,64;31;7;63;3;71;70;15;62;51;24;43
ins551_m=6_j=80_t=120_sw=h_dens=d_var=11,2181.0,14.834418773651123,2,22;46;1;64;56;24;75;77;61;38;9;16
ins551_m=6_j=80_t=120_sw=h_dens=d_var=11,2181.0,14.834418773651123,3,48;50;78;14;58;27;56;31;13;52;22;71;25
ins551_m=6_j=80_t=120_sw=h_dens=d_var=11,2181.0,14.834418773651123,4,5;2;37;7;8;27;33;23;58;74;44;68;4
ins551_m=6_j=80_t=120_sw=h_dens=d_var=11,2181.0,14.834418773651123,5,11;36;21;55;28;65;40;34;18;29;26;69;37
