instance,makespan,execution_time,machine_id,jobs
ins359_m=4_j=40_t=120_sw=l_dens=d_var=19,762.0,6.290546417236328,0,33;9;21;27;4;26;11;22;12
ins359_m=4_j=40_t=120_sw=l_dens=d_var=19,762.0,6.290546417236328,1,16;7;2;36;21;17;19;31;3;15
ins359_m=4_j=40_t=120_sw=l_dens=d_var=19,762.0,6.290546417236328,2,14;2;18;29;3;8;28;30;7
ins359_m=4_j=40_t=120_sw=l_dens=d_var=19,762.0,6.290546417236328,3,38;37;39;19;10;32;29;2;20;24
