instance,makespan,execution_time,machine_id,jobs
ins443_m=4_j=60_t=120_sw=h_dens=s_var=3,608.0,8.722550630569458,0,36;58;55;24;2;30;12;8;1;56;40;27;38;29;5
ins443_m=4_j=60_t=120_sw=h_dens=s_var=3,608.0,8.722550630569458,1,23;24;2;4;14;48;30;50;13;39;31;56;40;29;42
ins443_m=4_j=60_t=120_sw=h_dens=s_var=3,608.0,8.722550630569458,2,38;30;23;19;15;48;17;39;56;45;40;0;34;52;58
ins443_m=4_j=60_t=120_sw=h_dens=s_var=3,608.0,8.722550630569458,3,26;53;34;59;16;3;0;19;37;22;35;45;4;21;25
