instance,makespan,execution_time,machine_id,jobs
ins165_m=4_j=40_t=60_sw=l_dens=s_var=5,118.0,5.862195014953613,0,20;15;14;11;6;28;0;25;39;10
ins165_m=4_j=40_t=60_sw=l_dens=s_var=5,118.0,5.862195014953613,1,39;26;33;27;25;18;11;0;3;2
ins165_m=4_j=40_t=60_sw=l_dens=s_var=5,118.0,5.862195014953613,2,16;12;13;31;20;9;32;19;0;22
ins165_m=4_j=40_t=60_sw=l_dens=s_var=5,118.0,5.862195014953613,3,30;19;25;4;32;21;7;22;34;2
