instance,makespan,execution_time,machine_id,jobs
ins315_m=4_j=60_t=60_sw=h_dens=d_var=15,1131.0,8.276145219802856,0,41;11;58;6;19;56;20;38;48;7;32;9;50
ins315_m=4_j=60_t=60_sw=h_dens=d_var=15,1131.0,8.276145219802856,1,59;43;2;54;3;35;49;52;4;21;14;31;26
ins315_m=4_j=60_t=60_sw=h_dens=d_var=15,1131.0,8.276145219802856,2,57;44;3;28;8;47;42;12;22;10;46;33;21;23;27
ins315_m=4_j=60_t=60_sw=h_dens=d_var=15,1131.0,8.276145219802856,3,29;30;27;16;44;17;46;13;51;1;37;53;18;25;55;50
