instance,makespan,execution_time,machine_id,jobs
ins166_m=4_j=40_t=60_sw=l_dens=s_var=6,130.0,5.840921401977539,0,29;18;3;5;6;8;26;35;2;36
ins166_m=4_j=40_t=60_sw=l_dens=s_var=6,130.0,5.840921401977539,1,8;35;6;34;14;25;23;38;4;37
ins166_m=4_j=40_t=60_sw=l_dens=s_var=6,130.0,5.840921401977539,2,11;10;12;39;31;21;30;25;1;7
ins166_m=4_j=40_t=60_sw=l_dens=s_var=6,130.0,5.840921401977539,3,10;14;36;23;15;8;35;24;3;4
