instance,makespan,execution_time,machine_id,jobs
ins436_m=4_j=60_t=120_sw=l_dens=d_var=16,1083.0,8.881896018981934,0,3;7;42;25;41;1;44;48;11;36;28;4;6;47;56
ins436_m=4_j=60_t=120_sw=l_dens=d_var=16,1083.0,8.881896018981934,1,16;34;47;43;36;19;7;0;58;57;30;46;14;31;35
ins436_m=4_j=60_t=120_sw=l_dens=d_var=16,1083.0,8.881896018981934,2,52;27;42;29;50;38;39;5;53;28;18;49;8;45;22
ins436_m=4_j=60_t=120_sw=l_dens=d_var=16,1083.0,8.881896018981934,3,15;2;48;6;23;30;26;0;22;49;54;9;21;13;29
