instance,makespan,execution_time,machine_id,jobs
ins411_m=4_j=60_t=120_sw=l_dens=s_var=11,312.0,8.872287273406982,0,16;49;41;7;12;13;50;9;32;20;3;39;57;33;58
ins411_m=4_j=60_t=120_sw=l_dens=s_var=11,312.0,8.872287273406982,1,10;44;14;2;35;37;32;39;52;59;51;20;0;46;30
ins411_m=4_j=60_t=120_sw=l_dens=s_var=11,312.0,8.872287273406982,2,23;26;8;17;21;55;56;24;46;2;28;38;54;0;11
ins411_m=4_j=60_t=120_sw=l_dens=s_var=11,312.0,8.872287273406982,3,30;4;1;48;52;44;15;43;45;6;34;18;40;25;51
