instance,makespan,execution_time,machine_id,jobs
ins115_m=3_j=20_t=15_var=15,44.0,3.1211702823638916,0,11;13;12;10;3;16;14
ins115_m=3_j=20_t=15_var=15,44.0,3.1211702823638916,1,14;10;4;18;1;6;12
ins115_m=3_j=20_t=15_var=15,44.0,3.1211702823638916,2,6;1;7;0;2;8
