instance,makespan,execution_time,machine_id,jobs
ins596_m=6_j=120_t=120_sw=l_dens=d_var=16,1814.0,21.17305064201355,0,82;89;11;116;99;20;108;24;48;118;44;38;105;83;2;92;36;3;109;53
ins596_m=6_j=120_t=120_sw=l_dens=d_var=16,1814.0,21.17305064201355,1,39;119;71;106;49;8;31;98;78;57;6;105;30;64;95;89;20;67;113;81
ins596_m=6_j=120_t=120_sw=l_dens=d_var=16,1814.0,21.17305064201355,2,96;105;115;83;116;5;114;111;54;59;69;10;61;13;7;8;16;84;31;103
ins596_m=6_j=120_t=120_sw=l_dens=d_var=16,1814.0,21.17305064201355,3,22;90;46;45;13;91;19;76;18;79;101;109;85;97;49;4;68;24;17
ins596_m=6_j=120_t=120_sw=l_dens=d_var=16,1814.0,21.17305064201355,4,14;64;109;95;62;41;32;40;90;92;87;73;74;47;26;112;58;50;1;33
ins596_m=6_j=120_t=120_sw=l_dens=d_var=16,1814.0,21.17305064201355,5,24;4;28;25;108;34;66;55;51;77;37;117;86;32;60;80;72;93;56;87
