instance,makespan,execution_time,machine_id,jobs
ins525_m=6_j=80_t=120_sw=h_dens=s_var=5,657.0,15.620868444442749,0,52;63;12;51;36;73;71;70;41;32;19;62;69;33
ins525_m=6_j=80_t=120_sw=h_dens=s_var=5,657.0,15.620868444442749,1,56;42;23;64;22;49;55;48;17;37;76;8;35;27
ins525_m=6_j=80_t=120_sw=h_dens=s_var=5,657.0,15.620868444442749,2,41;52;32;61;76;35;48;46;66;43;74;4;64
ins525_m=6_j=80_t=120_sw=h_dens=s_var=5,657.0,15.620868444442749,3,4;35;43;57;17;22;71;55;62;76;56;33;32
ins525_m=6_j=80_t=120_sw=h_dens=s_var=5,657.0,15.620868444442749,4,27;67;23;39;7;50;25;42;6;77;5;72;68
ins525_m=6_j=80_t=120_sw=h_dens=s_var=5,657.0,15.620868444442749,5,36;40;14;2;22;37;26;45;28;11;62;1;77
