instance,makespan,execution_time,machine_id,jobs
ins164_m=4_j=40_t=60_sw=l_dens=s_var=4,161.0,5.950730800628662,0,34;19;39;37;10;3;4;25;32;11
ins164_m=4_j=40_t=60_sw=l_dens=s_var=4,161.0,5.950730800628662,1,16;12;6;14;11;31;2;35;22;24
ins164_m=4_j=40_t=60_sw=l_dens=s_var=4,161.0,5.950730800628662,2,26;17;1;9;24;30;27;36;28;18
ins164_m=4_j=40_t=60_sw=l_dens=s_var=4,161.0,5.950730800628662,3,6;33;32;23;19;10;16;13;2;29
