instance,makespan,execution_time,machine_id,jobs
ins91_m=3_j=15_t=15_var=11,28.0,2.657989740371704,0,10;4;2;14;12
ins91_m=3_j=15_t=15_var=11,28.0,2.657989740371704,1,6;7;2;12;11
ins91_m=3_j=15_t=15_var=11,28.0,2.657989740371704,2,9;11;5;13;7
