instance,makespan,execution_time,machine_id,jobs
ins205_m=4_j=40_t=60_sw=h_dens=s_var=5,280.0,5.910093784332275,0,6;8;23;27;29;11;38;21;5;32
ins205_m=4_j=40_t=60_sw=h_dens=s_var=5,280.0,5.910093784332275,1,4;6;10;19;20;32;18;36;17;37
ins205_m=4_j=40_t=60_sw=h_dens=s_var=5,280.0,5.910093784332275,2,8;26;29;6;31;9;28;11;1;13
ins205_m=4_j=40_t=60_sw=h_dens=s_var=5,280.0,5.910093784332275,3,6;31;3;25;29;38;10;0;36;32
