instance,makespan,execution_time,machine_id,jobs
ins173_m=4_j=40_t=60_sw=l_dens=s_var=13,157.0,5.891456127166748,0,30;17;18;22;7;29;35;37;9;2
ins173_m=4_j=40_t=60_sw=l_dens=s_var=13,157.0,5.891456127166748,1,36;21;39;18;26;35;16;13;9;6
ins173_m=4_j=40_t=60_sw=l_dens=s_var=13,157.0,5.891456127166748,2,13;29;25;35;20;18;2;32;24;0
ins173_m=4_j=40_t=60_sw=l_dens=s_var=13,157.0,5.891456127166748,3,12;14;23;27;17;19;5;4;20;1
