instance,makespan,execution_time,machine_id,jobs
ins33_m=2_j=15_t=10_var=13,50.0,2.296663999557495,0,7;2;12;0;4;5;6;11
ins33_m=2_j=15_t=10_var=13,50.0,2.296663999557495,1,14;13;10;12;7;6;11
