instance,makespan,execution_time,machine_id,jobs
ins448_m=4_j=60_t=120_sw=h_dens=s_var=8,566.0,9.085294246673584,0,10;57;49;6;45;36;55;33;46;13;51;16;2;37;7
ins448_m=4_j=60_t=120_sw=h_dens=s_var=8,566.0,9.085294246673584,1,31;41;17;48;54;39;18;33;57;49;20;11;50;13;14
ins448_m=4_j=60_t=120_sw=h_dens=s_var=8,566.0,9.085294246673584,2,30;32;8;41;53;23;14;29;54;5;10;42;6;11;4
ins448_m=4_j=60_t=120_sw=h_dens=s_var=8,566.0,9.085294246673584,3,43;55;35;23;17;15;57;46;42;58;27;26;47;41;48
