instance,makespan,execution_time,machine_id,jobs
ins354_m=4_j=40_t=120_sw=l_dens=d_var=14,750.0,6.736663818359375,0,31;8;35;6;36;19;20
ins354_m=4_j=40_t=120_sw=l_dens=d_var=14,750.0,6.736663818359375,1,9;7;17;38;28;14;19;39;0;12
ins354_m=4_j=40_t=120_sw=l_dens=d_var=14,750.0,6.736663818359375,2,3;21;18;26;33;38;7;22;35;4;15;16
ins354_m=4_j=40_t=120_sw=l_dens=d_var=14,750.0,6.736663818359375,3,5;10;30;27;11;24;2;23;32;34;37;1
