instance,makespan,execution_time,machine_id,jobs
ins623_m=6_j=120_t=120_sw=h_dens=d_var=3,3241.0,21.436171770095825,0,39;67;8;34;47;45;40;61;1;30;52;104;76;14;13;95;110;92;0;116
ins623_m=6_j=120_t=120_sw=h_dens=d_var=3,3241.0,21.436171770095825,1,29;88;32;53;33;13;87;9;99;67;50;54;11;113;59;77;61;27;49;31
ins623_m=6_j=120_t=120_sw=h_dens=d_var=3,3241.0,21.436171770095825,2,27;115;78;56;15;105;53;32;37;19;109;10;59;20;84;68;81;33;16;29
ins623_m=6_j=120_t=120_sw=h_dens=d_var=3,3241.0,21.436171770095825,3,19;83;48;77;36;86;111;118;91;79;106;65;108;61;18;104;54;97;76;10
ins623_m=6_j=120_t=120_sw=h_dens=d_var=3,3241.0,21.436171770095825,4,80;21;79;4;66;17;60;28;23;73;46;65;89;100;42;109;119;82;74;49
ins623_m=6_j=120_t=120_sw=h_dens=d_var=3,3241.0,21.436171770095825,5,22;62;51;12;63;58;41;102;70;6;114;3;7;44;112;24;71;26;60;75
