instance,makespan,execution_time,machine_id,jobs
ins379_m=4_j=40_t=120_sw=h_dens=s_var=19,287.0,6.396488666534424,0,33;32;23;19;5;9;34;11;10;36
ins379_m=4_j=40_t=120_sw=h_dens=s_var=19,287.0,6.396488666534424,1,20;9;5;33;24;31;29;16;3;26
ins379_m=4_j=40_t=120_sw=h_dens=s_var=19,287.0,6.396488666534424,2,36;37;10;18;22;35;14;9;17;0
ins379_m=4_j=40_t=120_sw=h_dens=s_var=19,287.0,6.396488666534424,3,34;30;9;2;31;39;11;12;3;20
