instance,makespan,execution_time,machine_id,jobs
ins513_m=6_j=80_t=120_sw=l_dens=d_var=13,1286.0,15.44801115989685,0,51;8;58;5;1;53;21;45;72;50;37;34;42
ins513_m=6_j=80_t=120_sw=l_dens=d_var=13,1286.0,15.44801115989685,1,40;4;34;5;45;73;38;25;46;42;14;30;1;56
ins513_m=6_j=80_t=120_sw=l_dens=d_var=13,1286.0,15.44801115989685,2,63;64;76;23;35;26;33;8;0;44;43;79;29
ins513_m=6_j=80_t=120_sw=l_dens=d_var=13,1286.0,15.44801115989685,3,24;18;54;17;59;41;58;27;55;22;52;61;7
ins513_m=6_j=80_t=120_sw=l_dens=d_var=13,1286.0,15.44801115989685,4,15;6;36;11;61;13;76;32;52;65;58;49;70
ins513_m=6_j=80_t=120_sw=l_dens=d_var=13,1286.0,15.44801115989685,5,77;3;57;19;28;67;47;31;11;62;2;39;60
