instance,makespan,execution_time,machine_id,jobs
ins372_m=4_j=40_t=120_sw=h_dens=s_var=12,363.0,6.40485954284668,0,23;36;14;11;4;19;24;13;30;31
ins372_m=4_j=40_t=120_sw=h_dens=s_var=12,363.0,6.40485954284668,1,12;8;2;16;7;31;23;33;29;21
ins372_m=4_j=40_t=120_sw=h_dens=s_var=12,363.0,6.40485954284668,2,16;3;38;12;22;23;39;25;28;18
ins372_m=4_j=40_t=120_sw=h_dens=s_var=12,363.0,6.40485954284668,3,1;12;39;6;18;28;5;32;29;15
