instance,makespan,execution_time,machine_id,jobs
ins398_m=4_j=40_t=120_sw=h_dens=d_var=18,1219.0,6.548688888549805,0,2;0;11;21;19;25;1;18;29;7
ins398_m=4_j=40_t=120_sw=h_dens=d_var=18,1219.0,6.548688888549805,1,20;2;34;3;33;7;19;16;28;0
ins398_m=4_j=40_t=120_sw=h_dens=d_var=18,1219.0,6.548688888549805,2,39;31;3;15;23;37;30;17;35;19
ins398_m=4_j=40_t=120_sw=h_dens=d_var=18,1219.0,6.548688888549805,3,36;26;6;10;5;9;12;8;14;1
