instance,makespan,execution_time,machine_id,jobs
ins109_m=3_j=20_t=15_var=9,49.0,3.160595655441284,0,4;12;5;15;7;19;2
ins109_m=3_j=20_t=15_var=9,49.0,3.160595655441284,1,11;3;13;12;18;15;8
ins109_m=3_j=20_t=15_var=9,49.0,3.160595655441284,2,9;10;11;13;18;2
