instance,makespan,execution_time,machine_id,jobs
ins189_m=4_j=40_t=60_sw=l_dens=d_var=9,463.0,5.962899684906006,0,39;23;10;26;9;2;34;25
ins189_m=4_j=40_t=60_sw=l_dens=d_var=9,463.0,5.962899684906006,1,18;19;7;1;37;22;35;16;36
ins189_m=4_j=40_t=60_sw=l_dens=d_var=9,463.0,5.962899684906006,2,27;24;18;17;11;3;37;38;5;33
ins189_m=4_j=40_t=60_sw=l_dens=d_var=9,463.0,5.962899684906006,3,30;4;36;13;6;31;15;32;20;0;28
