instance,makespan,execution_time,machine_id,jobs
ins224_m=4_j=40_t=60_sw=h_dens=d_var=4,1094.0,5.9960949420928955,0,33;17;7;32;29;16;18;38
ins224_m=4_j=40_t=60_sw=h_dens=d_var=4,1094.0,5.9960949420928955,1,15;32;36;20;33;11;0;13
ins224_m=4_j=40_t=60_sw=h_dens=d_var=4,1094.0,5.9960949420928955,2,39;15;35;6;24;17;1;8;22
ins224_m=4_j=40_t=60_sw=h_dens=d_var=4,1094.0,5.9960949420928955,3,19;23;2;14;10;30;31;34;5;3;27;9;12;37;26
