instance,makespan,execution_time,machine_id,jobs
ins362_m=4_j=40_t=120_sw=h_dens=s_var=2,332.0,6.391468286514282,0,25;30;24;6;4;5;29;32;12;34
ins362_m=4_j=40_t=120_sw=h_dens=s_var=2,332.0,6.391468286514282,1,13;9;27;20;15;4;22;19;16;0
ins362_m=4_j=40_t=120_sw=h_dens=s_var=2,332.0,6.391468286514282,2,11;18;22;36;12;31;24;28;39;26
ins362_m=4_j=40_t=120_sw=h_dens=s_var=2,332.0,6.391468286514282,3,30;8;24;17;5;39;16;21;31;14
