instance,makespan,execution_time,machine_id,jobs
ins573_m=6_j=120_t=120_sw=l_dens=s_var=13,623.0,21.65369963645935,0,38;75;81;79;110;41;59;116;23;13;70;37;7;22;27;52;105;80;56;54
ins573_m=6_j=120_t=120_sw=l_dens=s_var=13,623.0,21.65369963645935,1,48;73;72;104;24;114;108;21;90;88;119;74;26;102;2;15;69;34;3;55
ins573_m=6_j=120_t=120_sw=l_dens=s_var=13,623.0,21.65369963645935,2,6;108;24;82;51;47;75;11;28;73;105;96;50;15;60;89;13;83;112;62
ins573_m=6_j=120_t=120_sw=l_dens=s_var=13,623.0,21.65369963645935,3,109;83;94;40;105;64;88;21;58;27;14;97;72;26;90;18;45;107;106;74
ins573_m=6_j=120_t=120_sw=l_dens=s_var=13,623.0,21.65369963645935,4,59;6;26;35;18;9;83;65;3;49;12;109;100;70;41;42;117;73;14;0
ins573_m=6_j=120_t=120_sw=l_dens=s_var=13,623.0,21.65369963645935,5,33;77;117;12;83;45;67;1;28;97;42;115;58;65;86;100;112;92;4;36
