instance,makespan,execution_time,machine_id,jobs
ins334_m=4_j=40_t=120_sw=l_dens=s_var=14,157.0,6.3572211265563965,0,20;34;32;16;31;14;17;24;15;8
ins334_m=4_j=40_t=120_sw=l_dens=s_var=14,157.0,6.3572211265563965,1,30;18;2;22;33;15;11;12;39;32
ins334_m=4_j=40_t=120_sw=l_dens=s_var=14,157.0,6.3572211265563965,2,14;37;3;16;21;9;36;26;24;17
ins334_m=4_j=40_t=120_sw=l_dens=s_var=14,157.0,6.3572211265563965,3,25;13;27;34;4;35;39;6;5;8
