instance,makespan,execution_time,machine_id,jobs
ins429_m=4_j=60_t=120_sw=l_dens=d_var=9,1392.0,8.829962491989136,0,35;6;36;33;59;4;31;20;42;21;2
ins429_m=4_j=60_t=120_sw=l_dens=d_var=9,1392.0,8.829962491989136,1,59;3;55;48;37;45;22;27;5;34;40;18;19;32;0;15;47
ins429_m=4_j=60_t=120_sw=l_dens=d_var=9,1392.0,8.829962491989136,2,38;29;16;14;23;35;52;57;10;32;58;17;25;41;43;49
ins429_m=4_j=60_t=120_sw=l_dens=d_var=9,1392.0,8.829962491989136,3,7;26;54;51;12;53;24;44;46;1;9;11;50;56;30;28
