instance,makespan,execution_time,machine_id,jobs
ins390_m=4_j=40_t=120_sw=h_dens=d_var=10,1212.0,6.342907428741455,0,0;4;15;27;26;9;5;20;1
ins390_m=4_j=40_t=120_sw=h_dens=d_var=10,1212.0,6.342907428741455,1,29;7;35;9;37;16;13;34;21
ins390_m=4_j=40_t=120_sw=h_dens=d_var=10,1212.0,6.342907428741455,2,34;32;18;21;33;24;12;10;8;30
ins390_m=4_j=40_t=120_sw=h_dens=d_var=10,1212.0,6.342907428741455,3,14;17;23;2;22;12;5;24;33;28
