instance,makespan,execution_time,machine_id,jobs
ins236_m=4_j=40_t=60_sw=h_dens=d_var=16,640.0,5.901947498321533,0,28;4;34;2;38;13;39;23;17
ins236_m=4_j=40_t=60_sw=h_dens=d_var=16,640.0,5.901947498321533,1,1;0;35;8;6;19;29;15;11
ins236_m=4_j=40_t=60_sw=h_dens=d_var=16,640.0,5.901947498321533,2,16;33;12;30;10;3;31;20;18
ins236_m=4_j=40_t=60_sw=h_dens=d_var=16,640.0,5.901947498321533,3,32;21;25;37;27;13;14;9;26;7
