instance,makespan,execution_time,machine_id,jobs
ins438_m=4_j=60_t=120_sw=l_dens=d_var=18,1151.0,9.005084037780762,0,0;41;32;36;31;33;42;25;51;3;20;16;8;52;15
ins438_m=4_j=60_t=120_sw=l_dens=d_var=18,1151.0,9.005084037780762,1,19;59;20;14;46;27;47;44;4;56;5;57;13;23
ins438_m=4_j=60_t=120_sw=l_dens=d_var=18,1151.0,9.005084037780762,2,12;55;41;14;53;13;29;20;10;40;58;22;16;30;1
ins438_m=4_j=60_t=120_sw=l_dens=d_var=18,1151.0,9.005084037780762,3,38;30;35;21;24;19;39;50;6;28;59;13;34;17;45;40;7
