instance,makespan,execution_time,machine_id,jobs
ins435_m=4_j=60_t=120_sw=l_dens=d_var=15,1601.0,8.873932600021362,0,52;50;0;38;39;23;19;47;6;13;7;22;54
ins435_m=4_j=60_t=120_sw=l_dens=d_var=15,1601.0,8.873932600021362,1,13;56;40;25;53;7;5;23;35;8;9;45
ins435_m=4_j=60_t=120_sw=l_dens=d_var=15,1601.0,8.873932600021362,2,46;30;0;3;29;44;20;55;31;18;1;34;33;16;41;43
ins435_m=4_j=60_t=120_sw=l_dens=d_var=15,1601.0,8.873932600021362,3,10;21;24;37;59;57;12;51;58;11;42;26;4;14;36;28;32;17
