instance,makespan,execution_time,machine_id,jobs
ins255_m=4_j=60_t=60_sw=l_dens=s_var=15,205.0,8.67466688156128,0,10;41;25;49;19;52;32;3;8;15;17;45;53;16;7
ins255_m=4_j=60_t=60_sw=l_dens=s_var=15,205.0,8.67466688156128,1,16;58;45;22;34;20;26;57;56;9;29;2;5;3;53
ins255_m=4_j=60_t=60_sw=l_dens=s_var=15,205.0,8.67466688156128,2,12;23;0;42;48;41;47;35;11;40;38;5;25;4;27
ins255_m=4_j=60_t=60_sw=l_dens=s_var=15,205.0,8.67466688156128,3,54;1;0;58;33;9;21;5;6;47;27;38;18;20;59
