instance,makespan,execution_time,machine_id,jobs
ins25_m=2_j=15_t=10_var=5,50.0,2.2962496280670166,0,3;12;1;10;6;5;11;9
ins25_m=2_j=15_t=10_var=5,50.0,2.2962496280670166,1,4;0;7;9;13;12;3
