instance,makespan,execution_time,machine_id,jobs
ins65_m=2_j=15_t=15_var=5,58.0,2.3387084007263184,0,7;13;12;2;9;3;8;6
ins65_m=2_j=15_t=15_var=5,58.0,2.3387084007263184,1,2;9;14;12;1;4;11
