instance,makespan,execution_time,machine_id,jobs
ins83_m=3_j=15_t=15_var=3,44.0,2.735456705093384,0,8;5;0;7;6
ins83_m=3_j=15_t=15_var=3,44.0,2.735456705093384,1,2;12;3;1;4
ins83_m=3_j=15_t=15_var=3,44.0,2.735456705093384,2,11;13;10;14;9
