instance,makespan,execution_time,machine_id,jobs
ins22_m=2_j=15_t=10_var=2,50.0,2.2916853427886963,0,9;12;8;1;11;3;10;6
ins22_m=2_j=15_t=10_var=2,50.0,2.2916853427886963,1,2;5;13;1;8;4;7
