instance,makespan,execution_time,machine_id,jobs
ins128_m=3_j=15_t=20_var=8,45.0,2.7312285900115967,0,13;4;8;12;3
ins128_m=3_j=15_t=20_var=8,45.0,2.7312285900115967,1,6;1;5;14;8
ins128_m=3_j=15_t=20_var=8,45.0,2.7312285900115967,2,3;10;8;6;11
