instance,makespan,execution_time,machine_id,jobs
ins321_m=4_j=40_t=120_sw=l_dens=s_var=1,212.0,6.44765043258667,0,16;32;39;5;24;3;15;4;20;22
ins321_m=4_j=40_t=120_sw=l_dens=s_var=1,212.0,6.44765043258667,1,2;32;11;22;33;15;18;39;30;12
ins321_m=4_j=40_t=120_sw=l_dens=s_var=1,212.0,6.44765043258667,2,8;14;24;12;13;39;35;11;3;22
ins321_m=4_j=40_t=120_sw=l_dens=s_var=1,212.0,6.44765043258667,3,27;29;8;32;26;36;9;33;20;38
