instance,makespan,execution_time,machine_id,jobs
ins456_m=4_j=60_t=120_sw=h_dens=s_var=16,599.0,8.801812410354614,0,52;31;23;54;32;19;59;58;37;24;40;53;45;51;49
ins456_m=4_j=60_t=120_sw=h_dens=s_var=16,599.0,8.801812410354614,1,6;35;2;1;31;57;17;14;44;12;50;26;25;39;0
ins456_m=4_j=60_t=120_sw=h_dens=s_var=16,599.0,8.801812410354614,2,45;38;40;30;58;23;48;0;39;15;34;56;52;19;17
ins456_m=4_j=60_t=120_sw=h_dens=s_var=16,599.0,8.801812410354614,3,17;57;50;13;1;28;24;56;22;5;53;27;21;55;42
