instance,makespan,execution_time,machine_id,jobs
ins183_m=4_j=40_t=60_sw=l_dens=d_var=3,515.0,5.96211051940918,0,5;14;9;17;3;20
ins183_m=4_j=40_t=60_sw=l_dens=d_var=3,515.0,5.96211051940918,1,28;37;29;22;31;13;34;24;26
ins183_m=4_j=40_t=60_sw=l_dens=d_var=3,515.0,5.96211051940918,2,13;33;4;15;27;23;2;38;0;36;6
ins183_m=4_j=40_t=60_sw=l_dens=d_var=3,515.0,5.96211051940918,3,35;32;39;1;21;19;12;16;10;25;7;30
