instance,makespan,execution_time,machine_id,jobs
ins288_m=4_j=60_t=60_sw=h_dens=s_var=8,490.0,8.359926223754883,0,44;46;11;28;51;47;38;42;39;41;10;50;43;49;23
ins288_m=4_j=60_t=60_sw=h_dens=s_var=8,490.0,8.359926223754883,1,35;6;37;58;9;33;12;20;24;15;32;17;31;16;25
ins288_m=4_j=60_t=60_sw=h_dens=s_var=8,490.0,8.359926223754883,2,12;15;20;39;31;19;18;38;54;17;8;40;13;53;10
ins288_m=4_j=60_t=60_sw=h_dens=s_var=8,490.0,8.359926223754883,3,41;59;32;38;3;43;0;58;36;5;14;15;18;55;23
