instance,makespan,execution_time,machine_id,jobs
ins483_m=6_j=80_t=120_sw=l_dens=s_var=3,320.0,15.023123264312744,0,67;16;30;8;1;38;40;12;73;75;24;76;56;0
ins483_m=6_j=80_t=120_sw=l_dens=s_var=3,320.0,15.023123264312744,1,78;44;63;20;69;60;48;73;30;19;16;52;27;15
ins483_m=6_j=80_t=120_sw=l_dens=s_var=3,320.0,15.023123264312744,2,25;66;41;50;18;1;77;2;47;38;29;39;75
ins483_m=6_j=80_t=120_sw=l_dens=s_var=3,320.0,15.023123264312744,3,60;49;58;63;42;57;75;2;15;36;7;77;30
ins483_m=6_j=80_t=120_sw=l_dens=s_var=3,320.0,15.023123264312744,4,59;41;13;64;14;78;11;63;28;23;66;27;35
ins483_m=6_j=80_t=120_sw=l_dens=s_var=3,320.0,15.023123264312744,5,11;6;51;20;24;72;65;47;30;25;43;17;3
