instance,makespan,execution_time,machine_id,jobs
ins442_m=4_j=60_t=120_sw=h_dens=s_var=2,624.0,8.851912021636963,0,51;58;8;33;27;59;42;2;20;11;36;22;16;37;45
ins442_m=4_j=60_t=120_sw=h_dens=s_var=2,624.0,8.851912021636963,1,30;0;18;35;23;49;15;38;29;12;17;34;55;25;41
ins442_m=4_j=60_t=120_sw=h_dens=s_var=2,624.0,8.851912021636963,2,20;51;19;50;55;42;10;21;30;47;48;39;16;59;3
ins442_m=4_j=60_t=120_sw=h_dens=s_var=2,624.0,8.851912021636963,3,18;35;56;46;54;59;8;47;22;44;23;21;26;25;9
