instance,makespan,execution_time,machine_id,jobs
ins233_m=4_j=40_t=60_sw=h_dens=d_var=13,712.0,5.938973426818848,0,36;19;7;14;1;26;37;33;31
ins233_m=4_j=40_t=60_sw=h_dens=d_var=13,712.0,5.938973426818848,1,23;26;25;6;29;20;11;34;18
ins233_m=4_j=40_t=60_sw=h_dens=d_var=13,712.0,5.938973426818848,2,16;27;5;15;39;24;9;0;8;35
ins233_m=4_j=40_t=60_sw=h_dens=d_var=13,712.0,5.938973426818848,3,21;28;22;10;1;30;32;13;8;12;17
