instance,makespan,execution_time,machine_id,jobs
ins622_m=6_j=120_t=120_sw=h_dens=d_var=2,3037.0,21.345040559768677,0,114;68;108;112;2;77;48;106;58;41;61;55;74;26;6;100;29;94;88;1
ins622_m=6_j=120_t=120_sw=h_dens=d_var=2,3037.0,21.345040559768677,1,49;61;98;118;46;94;28;26;74;78;110;102;33;59;43;89;67;107;18;48
ins622_m=6_j=120_t=120_sw=h_dens=d_var=2,3037.0,21.345040559768677,2,75;92;69;60;23;2;85;13;54;94;1;59;46;101;48;98;37;99;0
ins622_m=6_j=120_t=120_sw=h_dens=d_var=2,3037.0,21.345040559768677,3,38;88;91;8;64;14;99;83;84;53;119;34;97;105;70;47;40;82;4;44
ins622_m=6_j=120_t=120_sw=h_dens=d_var=2,3037.0,21.345040559768677,4,71;51;35;109;44;117;87;95;25;19;15;23;116;27;73;111;96;52;32;64
ins622_m=6_j=120_t=120_sw=h_dens=d_var=2,3037.0,21.345040559768677,5,56;29;72;90;17;50;95;20;10;76;9;104;31;16;116;11;63;18;115;22
