instance,makespan,execution_time,machine_id,jobs
ins518_m=6_j=80_t=120_sw=l_dens=d_var=18,1183.0,14.931131839752197,0,33;9;61;74;32;73;51;13;68;46;21;40;22;34
ins518_m=6_j=80_t=120_sw=l_dens=d_var=18,1183.0,14.931131839752197,1,63;32;73;18;68;16;26;13;21;23;74;48;47
ins518_m=6_j=80_t=120_sw=l_dens=d_var=18,1183.0,14.931131839752197,2,20;10;19;49;16;40;39;61;63;47;64;50;75
ins518_m=6_j=80_t=120_sw=l_dens=d_var=18,1183.0,14.931131839752197,3,58;4;53;33;77;55;1;17;69;16;61;36;8
ins518_m=6_j=80_t=120_sw=l_dens=d_var=18,1183.0,14.931131839752197,4,43;36;54;41;7;71;15;64;47;60;52;38;14
ins518_m=6_j=80_t=120_sw=l_dens=d_var=18,1183.0,14.931131839752197,5,11;31;37;52;27;53;33;65;17;43;7;70;66
