instance,makespan,execution_time,machine_id,jobs
ins34_m=2_j=15_t=10_var=14,46.0,2.286543607711792,0,9;14;12;13;5;10;3
ins34_m=2_j=15_t=10_var=14,46.0,2.286543607711792,1,4;7;2;12;9;6;11;1
