instance,makespan,execution_time,machine_id,jobs
ins499_m=6_j=80_t=120_sw=l_dens=s_var=19,343.0,14.646828174591064,0,21;76;31;25;65;11;62;50;27;59;77;4;8;70
ins499_m=6_j=80_t=120_sw=l_dens=s_var=19,343.0,14.646828174591064,1,34;51;5;14;68;8;26;62;57;28;22;60;53;52
ins499_m=6_j=80_t=120_sw=l_dens=s_var=19,343.0,14.646828174591064,2,43;76;8;47;70;16;33;15;39;53;52;30;58
ins499_m=6_j=80_t=120_sw=l_dens=s_var=19,343.0,14.646828174591064,3,6;4;75;10;73;20;59;12;33;40;66;22;45
ins499_m=6_j=80_t=120_sw=l_dens=s_var=19,343.0,14.646828174591064,4,7;32;27;74;69;11;29;37;42;46;1;56;34
ins499_m=6_j=80_t=120_sw=l_dens=s_var=19,343.0,14.646828174591064,5,35;52;51;38;49;28;15;54;9;13;66;53;34
