instance,makespan,execution_time,machine_id,jobs
ins161_m=4_j=40_t=60_sw=l_dens=s_var=1,128.0,5.813580274581909,0,19;13;3;5;17;39;21;7;4;10
ins161_m=4_j=40_t=60_sw=l_dens=s_var=1,128.0,5.813580274581909,1,19;8;0;38;2;10;28;13;33;27
ins161_m=4_j=40_t=60_sw=l_dens=s_var=1,128.0,5.813580274581909,2,34;3;22;6;2;8;17;4;5;37
ins161_m=4_j=40_t=60_sw=l_dens=s_var=1,128.0,5.813580274581909,3,15;27;31;37;0;39;8;38;18;13
