instance,makespan,execution_time,machine_id,jobs
ins407_m=4_j=60_t=120_sw=l_dens=s_var=7,386.0,8.765702486038208,0,22;16;27;48;28;21;49;24;17;34;42;46;12;56;33
ins407_m=4_j=60_t=120_sw=l_dens=s_var=7,386.0,8.765702486038208,1,33;58;52;32;42;48;44;20;39;2;30;21;5;24;17
ins407_m=4_j=60_t=120_sw=l_dens=s_var=7,386.0,8.765702486038208,2,57;25;47;12;22;48;2;38;34;28;18;23;42;46;16
ins407_m=4_j=60_t=120_sw=l_dens=s_var=7,386.0,8.765702486038208,3,28;20;0;48;17;33;51;45;14;59;2;43;23;47;57
