instance,makespan,execution_time,machine_id,jobs
ins82_m=3_j=15_t=15_var=2,38.0,2.7156872749328613,0,2;9;13;11;5
ins82_m=3_j=15_t=15_var=2,38.0,2.7156872749328613,1,12;6;14;8;10
ins82_m=3_j=15_t=15_var=2,38.0,2.7156872749328613,2,1;7;4;0;3
