instance,makespan,execution_time,machine_id,jobs
ins185_m=4_j=40_t=60_sw=l_dens=d_var=5,519.0,6.037210941314697,0,3;27;24;30;21;36;33;20;9
ins185_m=4_j=40_t=60_sw=l_dens=d_var=5,519.0,6.037210941314697,1,9;23;26;32;33;29;5;25;1;19
ins185_m=4_j=40_t=60_sw=l_dens=d_var=5,519.0,6.037210941314697,2,31;18;29;0;22;14;15;12;16;38
ins185_m=4_j=40_t=60_sw=l_dens=d_var=5,519.0,6.037210941314697,3,6;4;37;39;8;28;11;2;17;13;35;10
