instance,makespan,execution_time,machine_id,jobs
ins103_m=3_j=20_t=15_var=3,54.0,3.126487970352173,0,8;19;7;10;14;15;9
ins103_m=3_j=20_t=15_var=3,54.0,3.126487970352173,1,19;6;11;12;8;4;2
ins103_m=3_j=20_t=15_var=3,54.0,3.126487970352173,2,11;15;0;1;12;4
