instance,makespan,execution_time,machine_id,jobs
ins581_m=6_j=120_t=120_sw=l_dens=d_var=1,2064.0,21.535987854003906,0,97;29;114;89;94;51;55;53;84;86;38;91;35;63;100;107;65;27;108;46
ins581_m=6_j=120_t=120_sw=l_dens=d_var=1,2064.0,21.535987854003906,1,40;5;108;100;80;52;15;74;76;73;34;37;2;71;114;116;21;17;19;35
ins581_m=6_j=120_t=120_sw=l_dens=d_var=1,2064.0,21.535987854003906,2,64;113;18;102;99;107;48;106;98;10;112;51;31;43;60;100;115;50;94;36
ins581_m=6_j=120_t=120_sw=l_dens=d_var=1,2064.0,21.535987854003906,3,79;78;112;54;98;85;53;83;41;113;50;57;84;58;59;4;19;114;23;47
ins581_m=6_j=120_t=120_sw=l_dens=d_var=1,2064.0,21.535987854003906,4,7;39;75;82;69;6;68;88;14;9;102;1;21;32;72;28;78;54;42;20
ins581_m=6_j=120_t=120_sw=l_dens=d_var=1,2064.0,21.535987854003906,5,70;62;16;24;96;33;44;61;110;109;93;117;13;90;26;56;103;95;77;22
