instance,makespan,execution_time,machine_id,jobs
ins249_m=4_j=60_t=60_sw=l_dens=s_var=9,215.0,8.068593263626099,0,13;41;54;16;4;6;34;47;15;36;40;32;29;28;57
ins249_m=4_j=60_t=60_sw=l_dens=s_var=9,215.0,8.068593263626099,1,13;32;9;5;53;37;54;1;36;45;15;8;44;22;55
ins249_m=4_j=60_t=60_sw=l_dens=s_var=9,215.0,8.068593263626099,2,58;3;36;45;0;54;25;9;2;5;6;39;1;40;55
ins249_m=4_j=60_t=60_sw=l_dens=s_var=9,215.0,8.068593263626099,3,48;21;45;26;37;23;59;16;56;53;19;35;54;0;32
