instance,makespan,execution_time,machine_id,jobs
ins575_m=6_j=120_t=120_sw=l_dens=s_var=15,637.0,21.635349988937378,0,34;64;5;15;41;57;18;102;47;55;112;86;69;97;0;52;75;3;94;58
ins575_m=6_j=120_t=120_sw=l_dens=s_var=15,637.0,21.635349988937378,1,103;26;22;62;7;87;78;1;60;2;105;16;44;49;42;92;27;29;50;37
ins575_m=6_j=120_t=120_sw=l_dens=s_var=15,637.0,21.635349988937378,2,25;0;64;49;48;74;88;34;79;81;117;30;75;73;32;90;118;51;17;50
ins575_m=6_j=120_t=120_sw=l_dens=s_var=15,637.0,21.635349988937378,3,72;91;104;26;11;71;105;69;56;44;3;86;84;62;17;52;25;43;99;79
ins575_m=6_j=120_t=120_sw=l_dens=s_var=15,637.0,21.635349988937378,4,59;28;49;100;81;97;77;50;89;74;110;73;12;68;48;115;32;98;116;94
ins575_m=6_j=120_t=120_sw=l_dens=s_var=15,637.0,21.635349988937378,5,93;98;46;79;18;12;42;11;30;59;3;102;89;22;0;108;13;5;27;48
