instance,makespan,execution_time,machine_id,jobs
ins182_m=4_j=40_t=60_sw=l_dens=d_var=2,433.0,5.967566967010498,0,0;11;2;38;19;12;30;28
ins182_m=4_j=40_t=60_sw=l_dens=d_var=2,433.0,5.967566967010498,1,31;39;34;14;32;13;35;18;3;5
ins182_m=4_j=40_t=60_sw=l_dens=d_var=2,433.0,5.967566967010498,2,36;2;7;21;20;31;26;17;37;4
ins182_m=4_j=40_t=60_sw=l_dens=d_var=2,433.0,5.967566967010498,3,22;20;34;9;10;8;24;33;7;23;27
