instance,makespan,execution_time,machine_id,jobs
ins479_m=4_j=60_t=120_sw=h_dens=d_var=19,2419.0,8.848700523376465,0,33;38;44;43;3;35;40;54;4;0;1;39;2
ins479_m=4_j=60_t=120_sw=h_dens=d_var=19,2419.0,8.848700523376465,1,41;20;35;16;56;48;44;5;37;7;49;29;24
ins479_m=4_j=60_t=120_sw=h_dens=d_var=19,2419.0,8.848700523376465,2,42;12;18;8;10;30;46;11;31;6;57;22;19;13;23;15;21
ins479_m=4_j=60_t=120_sw=h_dens=d_var=19,2419.0,8.848700523376465,3,50;55;17;36;25;9;45;27;52;14;26;59;58;47;28;53;51
