instance,makespan,execution_time,machine_id,jobs
ins585_m=6_j=120_t=120_sw=l_dens=d_var=5,1839.0,21.2000834941864,0,119;16;29;11;76;12;94;72;67;77;90;51;31;8;106;56;111;33;20;9
ins585_m=6_j=120_t=120_sw=l_dens=d_var=5,1839.0,21.2000834941864,1,12;94;29;6;44;59;17;88;92;10;15;13;60;74;55;43;115;87;50
ins585_m=6_j=120_t=120_sw=l_dens=d_var=5,1839.0,21.2000834941864,2,42;117;44;22;4;9;112;89;68;70;109;27;50;105;29;56;52;63;96;45
ins585_m=6_j=120_t=120_sw=l_dens=d_var=5,1839.0,21.2000834941864,3,113;91;110;112;38;0;107;83;71;66;93;60;118;105;85;79;42;58;87
ins585_m=6_j=120_t=120_sw=l_dens=d_var=5,1839.0,21.2000834941864,4,114;21;73;91;99;101;65;108;28;79;67;104;63;48;53;64;109;83;2
ins585_m=6_j=120_t=120_sw=l_dens=d_var=5,1839.0,21.2000834941864,5,5;64;34;28;19;78;104;69;53;86;24;39;79;114;47;18;1;7;61;102;36
