instance,makespan,execution_time,machine_id,jobs
ins353_m=4_j=40_t=120_sw=l_dens=d_var=13,894.0,6.466679573059082,0,24;19;20;35;36;26;38
ins353_m=4_j=40_t=120_sw=l_dens=d_var=13,894.0,6.466679573059082,1,39;36;19;4;12;17
ins353_m=4_j=40_t=120_sw=l_dens=d_var=13,894.0,6.466679573059082,2,7;0;23;22;30;34;33;37;15;16;6
ins353_m=4_j=40_t=120_sw=l_dens=d_var=13,894.0,6.466679573059082,3,0;8;9;10;31;3;11;28;7;32;27;21;14
