instance,makespan,execution_time,machine_id,jobs
ins98_m=3_j=15_t=15_var=18,30.0,2.70658278465271,0,8;7;9;11;14
ins98_m=3_j=15_t=15_var=18,30.0,2.70658278465271,1,7;11;9;1;4
ins98_m=3_j=15_t=15_var=18,30.0,2.70658278465271,2,11;0;5;4;6
