instance,makespan,execution_time,machine_id,jobs
ins207_m=4_j=40_t=60_sw=h_dens=s_var=7,194.0,5.889533996582031,0,24;39;5;4;15;32;3;16;20;22
ins207_m=4_j=40_t=60_sw=h_dens=s_var=7,194.0,5.889533996582031,1,0;39;11;2;27;3;25;26;18;33
ins207_m=4_j=40_t=60_sw=h_dens=s_var=7,194.0,5.889533996582031,2,36;23;10;29;38;35;7;37;5;1
ins207_m=4_j=40_t=60_sw=h_dens=s_var=7,194.0,5.889533996582031,3,38;34;32;24;17;14;28;33;37;23
