instance,makespan,execution_time,machine_id,jobs
ins95_m=3_j=15_t=15_var=15,29.0,2.692401885986328,0,2;14;11;1;13
ins95_m=3_j=15_t=15_var=15,29.0,2.692401885986328,1,8;7;0;11;4
ins95_m=3_j=15_t=15_var=15,29.0,2.692401885986328,2,13;3;8;5;6
