instance,makespan,execution_time,machine_id,jobs
ins271_m=4_j=60_t=60_sw=l_dens=d_var=11,775.0,8.279461145401001,0,51;50;46;58;37;9;30;10;0;43;24;59;23
ins271_m=4_j=60_t=60_sw=l_dens=d_var=11,775.0,8.279461145401001,1,39;6;17;11;26;49;32;20;14;46;33;36;30
ins271_m=4_j=60_t=60_sw=l_dens=d_var=11,775.0,8.279461145401001,2,21;38;4;3;39;22;31;27;12;41;19;56;45;1;34
ins271_m=4_j=60_t=60_sw=l_dens=d_var=11,775.0,8.279461145401001,3,15;52;5;25;40;2;54;57;48;29;16;53;35;7;42;44;13
