instance,makespan,execution_time,machine_id,jobs
ins35_m=2_j=15_t=10_var=15,58.0,2.3084354400634766,0,1;0;7;6;2;11;10;12
ins35_m=2_j=15_t=10_var=15,58.0,2.3084354400634766,1,14;12;7;3;10;9;8
