instance,makespan,execution_time,machine_id,jobs
ins126_m=3_j=15_t=20_var=6,40.0,2.758497714996338,0,7;1;11;10;8
ins126_m=3_j=15_t=20_var=6,40.0,2.758497714996338,1,9;3;5;7;10
ins126_m=3_j=15_t=20_var=6,40.0,2.758497714996338,2,6;7;5;0;13
