instance,makespan,execution_time,machine_id,jobs
ins392_m=4_j=40_t=120_sw=h_dens=d_var=12,1402.0,6.542781114578247,0,33;35;28;24;37;18;8;4
ins392_m=4_j=40_t=120_sw=h_dens=d_var=12,1402.0,6.542781114578247,1,25;10;18;16;11;22;7;31;15;34
ins392_m=4_j=40_t=120_sw=h_dens=d_var=12,1402.0,6.542781114578247,2,14;36;13;12;19;20;30;21;9
ins392_m=4_j=40_t=120_sw=h_dens=d_var=12,1402.0,6.542781114578247,3,23;1;39;12;38;0;17;27;29;26;5
