instance,makespan,execution_time,machine_id,jobs
ins519_m=6_j=80_t=120_sw=l_dens=d_var=19,1149.0,14.933382511138916,0,18;19;11;46;4;74;24;35;5;50;71;67;77;28
ins519_m=6_j=80_t=120_sw=l_dens=d_var=19,1149.0,14.933382511138916,1,2;1;6;21;62;65;45;3;5;50;27;51;22
ins519_m=6_j=80_t=120_sw=l_dens=d_var=19,1149.0,14.933382511138916,2,28;18;59;53;34;25;43;74;8;68;11;64;31
ins519_m=6_j=80_t=120_sw=l_dens=d_var=19,1149.0,14.933382511138916,3,39;18;33;50;70;79;49;9;58;30;35;23;11
ins519_m=6_j=80_t=120_sw=l_dens=d_var=19,1149.0,14.933382511138916,4,61;64;23;57;0;60;73;29;32;75;54;12;14
ins519_m=6_j=80_t=120_sw=l_dens=d_var=19,1149.0,14.933382511138916,5,12;56;61;57;33;10;40;16;38;32;75;63;78;60
