instance,makespan,execution_time,machine_id,jobs
ins99_m=3_j=15_t=15_var=19,29.0,2.7816264629364014,0,13;11;12;8;9
ins99_m=3_j=15_t=15_var=19,29.0,2.7816264629364014,1,6;2;9;12;8
ins99_m=3_j=15_t=15_var=19,29.0,2.7816264629364014,2,0;8;3;14;7
