instance,makespan,execution_time,machine_id,jobs
ins303_m=4_j=60_t=60_sw=h_dens=d_var=3,1486.0,8.500568151473999,0,17;10;41;29;16;59;18;19;33;8;49
ins303_m=4_j=60_t=60_sw=h_dens=d_var=3,1486.0,8.500568151473999,1,21;28;14;29;8;38;34;47;0;16;55
ins303_m=4_j=60_t=60_sw=h_dens=d_var=3,1486.0,8.500568151473999,2,15;25;42;45;36;23;13;26;48;53;35;5;56;24;39;27
ins303_m=4_j=60_t=60_sw=h_dens=d_var=3,1486.0,8.500568151473999,3,46;40;9;43;6;4;57;7;50;37;52;1;31;12;54;20;58;30;51;32;44
