instance,makespan,execution_time,machine_id,jobs
ins318_m=4_j=60_t=60_sw=h_dens=d_var=18,1104.0,8.31404185295105,0,43;50;3;33;53;23;59;24;48;14;39;8
ins318_m=4_j=60_t=60_sw=h_dens=d_var=18,1104.0,8.31404185295105,1,10;52;27;26;44;21;29;31;28;53;55;48;25
ins318_m=4_j=60_t=60_sw=h_dens=d_var=18,1104.0,8.31404185295105,2,32;7;51;41;47;0;45;15;37;49;52;42;44;17;34
ins318_m=4_j=60_t=60_sw=h_dens=d_var=18,1104.0,8.31404185295105,3,13;40;35;4;11;20;46;24;38;2;56;1;30;58;22
