instance,makespan,execution_time,machine_id,jobs
ins142_m=3_j=20_t=20_var=2,64.0,3.178926467895508,0,8;18;12;0;17;14;3
ins142_m=3_j=20_t=20_var=2,64.0,3.178926467895508,1,0;12;5;2;6;8;10
ins142_m=3_j=20_t=20_var=2,64.0,3.178926467895508,2,5;13;17;10;2;18
