instance,makespan,execution_time,machine_id,jobs
ins287_m=4_j=60_t=60_sw=h_dens=s_var=7,361.0,8.279276132583618,0,17;45;35;10;8;1;57;59;46;41;32;21;36;42;50
ins287_m=4_j=60_t=60_sw=h_dens=s_var=7,361.0,8.279276132583618,1,24;55;2;0;20;19;58;5;27;11;7;43;23;16;10
ins287_m=4_j=60_t=60_sw=h_dens=s_var=7,361.0,8.279276132583618,2,19;25;5;44;39;10;43;34;23;49;59;7;12;53;20
ins287_m=4_j=60_t=60_sw=h_dens=s_var=7,361.0,8.279276132583618,3,4;50;35;45;55;44;11;40;1;20;33;39;36;15;6
