instance,makespan,execution_time,machine_id,jobs
ins549_m=6_j=80_t=120_sw=h_dens=d_var=9,2066.0,14.768351554870605,0,52;65;2;3;71;64;47;23;8;42;12;13;0
ins549_m=6_j=80_t=120_sw=h_dens=d_var=9,2066.0,14.768351554870605,1,26;44;63;51;31;14;54;18;43;64;2;42;19
ins549_m=6_j=80_t=120_sw=h_dens=d_var=9,2066.0,14.768351554870605,2,6;16;51;53;79;75;61;38;29;1;19;37;49
ins549_m=6_j=80_t=120_sw=h_dens=d_var=9,2066.0,14.768351554870605,3,45;5;8;41;65;7;32;40;50;62;6;77;42
ins549_m=6_j=80_t=120_sw=h_dens=d_var=9,2066.0,14.768351554870605,4,7;33;4;43;74;68;39;21;22;27;48;36
ins549_m=6_j=80_t=120_sw=h_dens=d_var=9,2066.0,14.768351554870605,5,66;60;41;67;4;39;61;69;46;56;17;63;10
