instance,makespan,execution_time,machine_id,jobs
ins228_m=4_j=40_t=60_sw=h_dens=d_var=8,754.0,5.913663864135742,0,16;14;0;17;5;39;13;37
ins228_m=4_j=40_t=60_sw=h_dens=d_var=8,754.0,5.913663864135742,1,15;2;24;29;21;7;1;10
ins228_m=4_j=40_t=60_sw=h_dens=d_var=8,754.0,5.913663864135742,2,18;20;19;30;11;27;34;12;25;31
ins228_m=4_j=40_t=60_sw=h_dens=d_var=8,754.0,5.913663864135742,3,19;30;38;35;32;18;28;36;22;8;34;23
