instance,makespan,execution_time,machine_id,jobs
ins553_m=6_j=80_t=120_sw=h_dens=d_var=13,2607.0,15.1074538230896,0,69;25;63;32;18;41;7;8;42;51;35;36
ins553_m=6_j=80_t=120_sw=h_dens=d_var=13,2607.0,15.1074538230896,1,64;78;9;1;30;7;21;8;39;53;26;63;25
ins553_m=6_j=80_t=120_sw=h_dens=d_var=13,2607.0,15.1074538230896,2,59;17;23;47;39;67;64;11;62;16;77;43;14
ins553_m=6_j=80_t=120_sw=h_dens=d_var=13,2607.0,15.1074538230896,3,77;66;24;2;41;67;61;19;4;47;46;75;79;44
ins553_m=6_j=80_t=120_sw=h_dens=d_var=13,2607.0,15.1074538230896,4,45;74;79;22;38;15;58;68;29;5;51;65;55
ins553_m=6_j=80_t=120_sw=h_dens=d_var=13,2607.0,15.1074538230896,5,60;49;0;50;70;73;52;72;71;54;40;33;20;57;31
