instance,makespan,execution_time,machine_id,jobs
ins220_m=4_j=40_t=60_sw=h_dens=s_var=20,185.0,5.872973203659058,0,34;22;14;23;36;15;16;20;17;31
ins220_m=4_j=40_t=60_sw=h_dens=s_var=20,185.0,5.872973203659058,1,22;23;3;31;1;17;10;20;8;13
ins220_m=4_j=40_t=60_sw=h_dens=s_var=20,185.0,5.872973203659058,2,22;18;11;26;12;28;36;31;24;39
ins220_m=4_j=40_t=60_sw=h_dens=s_var=20,185.0,5.872973203659058,3,6;33;16;13;19;23;29;32;2;10
