instance,makespan,execution_time,machine_id,jobs
ins520_m=6_j=80_t=120_sw=l_dens=d_var=20,1524.0,14.956294059753418,0,11;45;2;42;38;63;50;43;39;40;34;22;16
ins520_m=6_j=80_t=120_sw=l_dens=d_var=20,1524.0,14.956294059753418,1,18;7;40;49;19;29;33;11;72;34;13;43
ins520_m=6_j=80_t=120_sw=l_dens=d_var=20,1524.0,14.956294059753418,2,4;32;46;22;77;31;70;15;59;76;1;36;3;56
ins520_m=6_j=80_t=120_sw=l_dens=d_var=20,1524.0,14.956294059753418,3,41;26;74;5;14;47;49;71;66;37;44;67;79
ins520_m=6_j=80_t=120_sw=l_dens=d_var=20,1524.0,14.956294059753418,4,12;65;24;10;60;57;26;25;58;53;6;41;0;54
ins520_m=6_j=80_t=120_sw=l_dens=d_var=20,1524.0,14.956294059753418,5,21;73;64;17;61;55;20;69;68;30;48;23;62;9;52
