instance,makespan,execution_time,machine_id,jobs
ins403_m=4_j=60_t=120_sw=l_dens=s_var=3,350.0,8.828655004501343,0,9;42;29;59;17;39;27;34;36;13;21;54;11;19;45
ins403_m=4_j=60_t=120_sw=l_dens=s_var=3,350.0,8.828655004501343,1,30;3;18;23;39;19;8;32;26;45;59;31;57;16;43
ins403_m=4_j=60_t=120_sw=l_dens=s_var=3,350.0,8.828655004501343,2,3;4;5;9;58;26;49;34;44;36;41;32;52;12;54
ins403_m=4_j=60_t=120_sw=l_dens=s_var=3,350.0,8.828655004501343,3,54;28;25;56;41;30;16;55;12;36;5;31;38;29;27
