instance,makespan,execution_time,machine_id,jobs
ins186_m=4_j=40_t=60_sw=l_dens=d_var=6,478.0,6.024413585662842,0,4;35;36;3;16;26;14;17
ins186_m=4_j=40_t=60_sw=l_dens=d_var=6,478.0,6.024413585662842,1,6;28;11;39;15;8;7;19;27
ins186_m=4_j=40_t=60_sw=l_dens=d_var=6,478.0,6.024413585662842,2,33;10;11;9;19;0;5;26;6;24
ins186_m=4_j=40_t=60_sw=l_dens=d_var=6,478.0,6.024413585662842,3,31;21;13;18;22;25;23;34;30;12;32
