instance,makespan,execution_time,machine_id,jobs
ins101_m=3_j=20_t=15_var=1,49.0,3.1844706535339355,0,12;1;14;10;7;6;15
ins101_m=3_j=20_t=15_var=1,49.0,3.1844706535339355,1,6;8;9;5;10;19;7
ins101_m=3_j=20_t=15_var=1,49.0,3.1844706535339355,2,9;11;5;16;7;13
