instance,makespan,execution_time,machine_id,jobs
ins178_m=4_j=40_t=60_sw=l_dens=s_var=18,121.0,5.771487236022949,0,27;8;12;37;11;14;21;17;38;24
ins178_m=4_j=40_t=60_sw=l_dens=s_var=18,121.0,5.771487236022949,1,7;11;38;22;3;21;28;5;8;39
ins178_m=4_j=40_t=60_sw=l_dens=s_var=18,121.0,5.771487236022949,2,9;1;3;5;22;13;34;30;15;33
ins178_m=4_j=40_t=60_sw=l_dens=s_var=18,121.0,5.771487236022949,3,10;19;6;28;16;32;25;26;39;0
