instance,makespan,execution_time,machine_id,jobs
ins192_m=4_j=40_t=60_sw=l_dens=d_var=12,445.0,5.950528860092163,0,8;28;34;13;38;10;33;11;9
ins192_m=4_j=40_t=60_sw=l_dens=d_var=12,445.0,5.950528860092163,1,20;5;24;37;31;7;25;39;8
ins192_m=4_j=40_t=60_sw=l_dens=d_var=12,445.0,5.950528860092163,2,1;16;26;7;33;30;23;29;17;18
ins192_m=4_j=40_t=60_sw=l_dens=d_var=12,445.0,5.950528860092163,3,12;19;36;1;2;35;4;30;3;15
