instance,makespan,execution_time,machine_id,jobs
ins517_m=6_j=80_t=120_sw=l_dens=d_var=17,1262.0,15.138296365737915,0,3;75;14;21;63;6;12;62;66;48;70;40
ins517_m=6_j=80_t=120_sw=l_dens=d_var=17,1262.0,15.138296365737915,1,67;55;12;44;30;1;32;49;73;43;74;18
ins517_m=6_j=80_t=120_sw=l_dens=d_var=17,1262.0,15.138296365737915,2,26;76;20;47;0;40;75;36;39;60;42;17
ins517_m=6_j=80_t=120_sw=l_dens=d_var=17,1262.0,15.138296365737915,3,47;72;25;38;53;23;69;46;39;13;24;50;59
ins517_m=6_j=80_t=120_sw=l_dens=d_var=17,1262.0,15.138296365737915,4,31;11;79;17;34;22;8;5;28;51;61;71;64
ins517_m=6_j=80_t=120_sw=l_dens=d_var=17,1262.0,15.138296365737915,5,33;64;16;23;2;77;10;4;8;51;68;65;45;29;19
