instance,makespan,execution_time,machine_id,jobs
ins259_m=4_j=60_t=60_sw=l_dens=s_var=19,211.0,8.478924751281738,0,36;59;7;24;2;31;50;53;39;5;8;28;56;22;58
ins259_m=4_j=60_t=60_sw=l_dens=s_var=19,211.0,8.478924751281738,1,56;20;38;6;13;37;35;39;21;16;30;26;44;31;22
ins259_m=4_j=60_t=60_sw=l_dens=s_var=19,211.0,8.478924751281738,2,41;55;36;51;0;17;52;18;48;56;37;54;38;39;47
ins259_m=4_j=60_t=60_sw=l_dens=s_var=19,211.0,8.478924751281738,3,55;44;39;6;11;40;45;50;35;36;4;15;1;33;20
