instance,makespan,execution_time,machine_id,jobs
ins614_m=6_j=120_t=120_sw=h_dens=s_var=14,1045.0,21.597010850906372,0,110;9;105;42;35;83;58;0;24;57;25;53;12;30;39;89;95;119;107;23
ins614_m=6_j=120_t=120_sw=h_dens=s_var=14,1045.0,21.597010850906372,1,55;112;67;94;111;66;78;4;84;41;25;34;101;1;9;2;47;107;79;76
ins614_m=6_j=120_t=120_sw=h_dens=s_var=14,1045.0,21.597010850906372,2,43;101;2;29;42;14;83;70;102;75;28;76;93;58;0;107;65;62;37;116
ins614_m=6_j=120_t=120_sw=h_dens=s_var=14,1045.0,21.597010850906372,3,62;49;33;73;115;54;109;56;59;60;1;0;99;13;101;27;30;38;66;26
ins614_m=6_j=120_t=120_sw=h_dens=s_var=14,1045.0,21.597010850906372,4,66;46;59;90;78;112;42;72;97;45;53;22;61;65;96;111;81;15;40;51
ins614_m=6_j=120_t=120_sw=h_dens=s_var=14,1045.0,21.597010850906372,5,76;109;10;105;73;8;69;67;25;54;18;20;63;39;75;23;11;26;74;86
