instance,makespan,execution_time,machine_id,jobs
ins473_m=4_j=60_t=120_sw=h_dens=d_var=13,2187.0,8.847475290298462,0,33;6;39;2;10;51;27;50;37;36;1;49;41
ins473_m=4_j=60_t=120_sw=h_dens=d_var=13,2187.0,8.847475290298462,1,35;45;7;46;26;17;34;48;5;10;56;13;52;47;54;23
ins473_m=4_j=60_t=120_sw=h_dens=d_var=13,2187.0,8.847475290298462,2,55;21;54;4;40;0;12;25;30;31;32;44;58;59
ins473_m=4_j=60_t=120_sw=h_dens=d_var=13,2187.0,8.847475290298462,3,22;15;14;53;42;8;59;38;3;18;28;24;11;19;43
