instance,makespan,execution_time,machine_id,jobs
ins45_m=2_j=10_t=15_var=5,41.0,2.0549259185791016,0,0;5;1;9;2
ins45_m=2_j=10_t=15_var=5,41.0,2.0549259185791016,1,8;7;4;6;3
