instance,makespan,execution_time,machine_id,jobs
ins422_m=4_j=60_t=120_sw=l_dens=d_var=2,1251.0,8.693134307861328,0,52;41;37;55;48;28;59;33;19;36;4;20;56;22
ins422_m=4_j=60_t=120_sw=l_dens=d_var=2,1251.0,8.693134307861328,1,54;52;44;47;8;29;15;43;32;31;40;50;59;26;42
ins422_m=4_j=60_t=120_sw=l_dens=d_var=2,1251.0,8.693134307861328,2,6;13;18;21;7;14;35;33;39;51;23;44;9;34;46
ins422_m=4_j=60_t=120_sw=l_dens=d_var=2,1251.0,8.693134307861328,3,2;17;5;25;16;12;38;1;30;49;3;53;11;51;58
