instance,makespan,execution_time,machine_id,jobs
ins106_m=3_j=20_t=15_var=6,54.0,3.120513677597046,0,5;6;8;12;7;0;9
ins106_m=3_j=20_t=15_var=6,54.0,3.120513677597046,1,18;15;1;9;19;16;3
ins106_m=3_j=20_t=15_var=6,54.0,3.120513677597046,2,4;3;18;17;0;19
