instance,makespan,execution_time,machine_id,jobs
ins179_m=4_j=40_t=60_sw=l_dens=s_var=19,147.0,5.823889970779419,0,8;5;21;9;25;39;36;3;0;18
ins179_m=4_j=40_t=60_sw=l_dens=s_var=19,147.0,5.823889970779419,1,22;6;9;10;18;31;32;3;28;20
ins179_m=4_j=40_t=60_sw=l_dens=s_var=19,147.0,5.823889970779419,2,18;14;26;24;19;0;12;35;7;29
ins179_m=4_j=40_t=60_sw=l_dens=s_var=19,147.0,5.823889970779419,3,36;32;21;9;38;27;28;11;34;3
