instance,makespan,execution_time,machine_id,jobs
ins327_m=4_j=40_t=120_sw=l_dens=s_var=7,205.0,6.280714750289917,0,8;15;14;16;24;20;17;34;32;31
ins327_m=4_j=40_t=120_sw=l_dens=s_var=7,205.0,6.280714750289917,1,4;33;36;2;11;13;15;19;31;14
ins327_m=4_j=40_t=120_sw=l_dens=s_var=7,205.0,6.280714750289917,2,32;18;34;35;22;23;38;24;8;20
ins327_m=4_j=40_t=120_sw=l_dens=s_var=7,205.0,6.280714750289917,3,5;0;20;22;1;6;31;2;35;25
