instance,makespan,execution_time,machine_id,jobs
ins225_m=4_j=40_t=60_sw=h_dens=d_var=5,818.0,5.9237964153289795,0,9;8;7;33;16;27;26;3;28
ins225_m=4_j=40_t=60_sw=h_dens=d_var=5,818.0,5.9237964153289795,1,6;18;27;37;23;34;13;11;39
ins225_m=4_j=40_t=60_sw=h_dens=d_var=5,818.0,5.9237964153289795,2,32;15;25;11;2;12;0;14;39;36
ins225_m=4_j=40_t=60_sw=h_dens=d_var=5,818.0,5.9237964153289795,3,4;29;38;24;30;5;19;22;35;21
