instance,makespan,execution_time,machine_id,jobs
ins337_m=4_j=40_t=120_sw=l_dens=s_var=17,205.0,6.432576894760132,0,5;39;24;16;15;4;22;32;20;3
ins337_m=4_j=40_t=120_sw=l_dens=s_var=17,205.0,6.432576894760132,1,10;3;20;31;23;17;1;13;22;8
ins337_m=4_j=40_t=120_sw=l_dens=s_var=17,205.0,6.432576894760132,2,18;11;22;24;12;31;39;28;36;26
ins337_m=4_j=40_t=120_sw=l_dens=s_var=17,205.0,6.432576894760132,3,37;10;24;35;27;16;34;19;22;14
