instance,makespan,execution_time,machine_id,jobs
ins75_m=2_j=15_t=15_var=15,67.0,2.337458848953247,0,4;14;13;11;2;7;1;3
ins75_m=2_j=15_t=15_var=15,67.0,2.337458848953247,1,1;6;8;9;4;3;7
