instance,makespan,execution_time,machine_id,jobs
ins602_m=6_j=120_t=120_sw=h_dens=s_var=2,1092.0,21.634451866149902,0,114;74;22;23;117;63;99;35;9;112;27;70;43;96;18;46;48;100;60;97
ins602_m=6_j=120_t=120_sw=h_dens=s_var=2,1092.0,21.634451866149902,1,79;13;54;20;112;14;22;118;80;59;35;90;76;32;77;3;65;92;85;58
ins602_m=6_j=120_t=120_sw=h_dens=s_var=2,1092.0,21.634451866149902,2,109;66;21;2;36;72;52;10;75;101;46;111;105;113;39;1;107;108;100;50
ins602_m=6_j=120_t=120_sw=h_dens=s_var=2,1092.0,21.634451866149902,3,84;18;54;79;96;4;8;88;29;16;57;55;24;89;76;35;78;119;64;66
ins602_m=6_j=120_t=120_sw=h_dens=s_var=2,1092.0,21.634451866149902,4,108;33;95;73;118;0;92;26;75;6;1;88;71;85;42;116;30;60;10;114
ins602_m=6_j=120_t=120_sw=h_dens=s_var=2,1092.0,21.634451866149902,5,113;72;84;23;80;49;59;9;71;109;91;77;69;107;4;104;64;18;39;90
