instance,makespan,execution_time,machine_id,jobs
ins437_m=4_j=60_t=120_sw=l_dens=d_var=17,1346.0,8.734556913375854,0,55;42;12;15;27;24;45;2;47;39;43
ins437_m=4_j=60_t=120_sw=l_dens=d_var=17,1346.0,8.734556913375854,1,50;57;31;38;54;20;3;37;9;18;48;52;40;36;13;8;34
ins437_m=4_j=60_t=120_sw=l_dens=d_var=17,1346.0,8.734556913375854,2,4;7;19;25;49;6;56;16;41;44;14;33;17;23;22;59
ins437_m=4_j=60_t=120_sw=l_dens=d_var=17,1346.0,8.734556913375854,3,6;1;11;49;35;46;10;40;30;53;21;5;29;51;7;19
