instance,makespan,execution_time,machine_id,jobs
ins204_m=4_j=40_t=60_sw=h_dens=s_var=4,219.0,5.901174068450928,0,8;36;4;31;6;24;27;37;20;12
ins204_m=4_j=40_t=60_sw=h_dens=s_var=4,219.0,5.901174068450928,1,0;36;7;34;5;19;30;13;8;26
ins204_m=4_j=40_t=60_sw=h_dens=s_var=4,219.0,5.901174068450928,2,7;3;11;17;30;33;29;39;26;37
ins204_m=4_j=40_t=60_sw=h_dens=s_var=4,219.0,5.901174068450928,3,10;24;1;11;32;9;8;16;39;6
