instance,makespan,execution_time,machine_id,jobs
ins423_m=4_j=60_t=120_sw=l_dens=d_var=3,1640.0,8.827799558639526,0,39;23;19;54;38;37;57;29;48;7;45;43;10
ins423_m=4_j=60_t=120_sw=l_dens=d_var=3,1640.0,8.827799558639526,1,38;54;14;41;49;50;26;35;28;13;36;1;19
ins423_m=4_j=60_t=120_sw=l_dens=d_var=3,1640.0,8.827799558639526,2,45;34;41;55;51;46;44;3;36;40;11;5;27;8
ins423_m=4_j=60_t=120_sw=l_dens=d_var=3,1640.0,8.827799558639526,3,20;24;9;31;15;59;25;53;21;58;56;4;2;42;32;0;33;6;12
