instance,makespan,execution_time,machine_id,jobs
ins261_m=4_j=60_t=60_sw=l_dens=d_var=1,672.0,8.354877471923828,0,24;19;47;22;1;41;28;3;26;49;57;31;44;2;37
ins261_m=4_j=60_t=60_sw=l_dens=d_var=1,672.0,8.354877471923828,1,42;3;17;53;59;14;54;19;56;15;11;27;33;57;21
ins261_m=4_j=60_t=60_sw=l_dens=d_var=1,672.0,8.354877471923828,2,51;4;9;5;13;8;45;20;44;16;38;46;56;39;21
ins261_m=4_j=60_t=60_sw=l_dens=d_var=1,672.0,8.354877471923828,3,18;50;23;28;40;12;10;6;51;34;32;36;0;7;29
