instance,makespan,execution_time,machine_id,jobs
ins31_m=2_j=15_t=10_var=11,53.0,2.312173366546631,0,11;6;5;2;3;0;14;4
ins31_m=2_j=15_t=10_var=11,53.0,2.312173366546631,1,10;2;12;4;14;1;8
