instance,makespan,execution_time,machine_id,jobs
ins333_m=4_j=40_t=120_sw=l_dens=s_var=13,188.0,6.381957530975342,0,20;7;6;29;27;0;12;36;35;13
ins333_m=4_j=40_t=120_sw=l_dens=s_var=13,188.0,6.381957530975342,1,13;9;22;0;20;4;27;16;19;15
ins333_m=4_j=40_t=120_sw=l_dens=s_var=13,188.0,6.381957530975342,2,39;10;25;1;31;21;12;7;11;30
ins333_m=4_j=40_t=120_sw=l_dens=s_var=13,188.0,6.381957530975342,3,14;24;19;22;37;35;34;10;16;27
