instance,makespan,execution_time,machine_id,jobs
ins24_m=2_j=15_t=10_var=4,49.0,2.302858829498291,0,13;1;4;10;7;6;9;0
ins24_m=2_j=15_t=10_var=4,49.0,2.302858829498291,1,8;3;9;5;7;14;6
