instance,makespan,execution_time,machine_id,jobs
ins93_m=3_j=15_t=15_var=13,40.0,2.70534086227417,0,8;9;14;1;10
ins93_m=3_j=15_t=15_var=13,40.0,2.70534086227417,1,2;13;11;14;0
ins93_m=3_j=15_t=15_var=13,40.0,2.70534086227417,2,9;11;4;6;14
