instance,makespan,execution_time,machine_id,jobs
ins107_m=3_j=20_t=15_var=7,54.0,3.1624672412872314,0,6;11;15;13;9;5;1
ins107_m=3_j=20_t=15_var=7,54.0,3.1624672412872314,1,6;9;15;4;19;16;11
ins107_m=3_j=20_t=15_var=7,54.0,3.1624672412872314,2,14;10;8;7;12;5
