instance,makespan,execution_time,machine_id,jobs
ins491_m=6_j=80_t=120_sw=l_dens=s_var=11,437.0,22.027310132980347,0,40;20;69;50;48;55;79;11;63;59;22;61;1;31
ins491_m=6_j=80_t=120_sw=l_dens=s_var=11,437.0,22.027310132980347,1,17;71;44;6;24;66;77;70;10;58;26;39;12;49
ins491_m=6_j=80_t=120_sw=l_dens=s_var=11,437.0,22.027310132980347,2,65;16;52;15;54;68;21;32;27;51;41;25;5
ins491_m=6_j=80_t=120_sw=l_dens=s_var=11,437.0,22.027310132980347,3,17;38;70;24;37;11;3;78;71;34;51;74;16
ins491_m=6_j=80_t=120_sw=l_dens=s_var=11,437.0,22.027310132980347,4,13;43;7;30;73;78;36;62;19;72;33;3;64
ins491_m=6_j=80_t=120_sw=l_dens=s_var=11,437.0,22.027310132980347,5,38;34;0;47;76;45;75;53;29;9;42;23;74
