instance,makespan,execution_time,machine_id,jobs
ins143_m=3_j=20_t=20_var=3,57.0,3.590442180633545,0,2;4;9;11;18;14;5
ins143_m=3_j=20_t=20_var=3,57.0,3.590442180633545,1,1;18;14;6;2;16;9
ins143_m=3_j=20_t=20_var=3,57.0,3.590442180633545,2,11;4;15;8;13;5
