instance,makespan,execution_time,machine_id,jobs
ins176_m=4_j=40_t=60_sw=l_dens=s_var=16,151.0,5.862137794494629,0,16;27;9;17;30;37;28;39;3;0
ins176_m=4_j=40_t=60_sw=l_dens=s_var=16,151.0,5.862137794494629,1,27;32;5;2;22;38;16;7;36;1
ins176_m=4_j=40_t=60_sw=l_dens=s_var=16,151.0,5.862137794494629,2,37;25;0;34;18;1;28;23;15;30
ins176_m=4_j=40_t=60_sw=l_dens=s_var=16,151.0,5.862137794494629,3,24;26;21;17;12;31;23;14;39;10
