instance,makespan,execution_time,machine_id,jobs
ins478_m=4_j=60_t=120_sw=h_dens=d_var=18,2271.0,8.91891360282898,0,39;12;0;28;57;51;22;4;18;10;21;17;23;15;53
ins478_m=4_j=60_t=120_sw=h_dens=d_var=18,2271.0,8.91891360282898,1,25;19;12;13;9;22;27;21;39;16;48;26;23;1
ins478_m=4_j=60_t=120_sw=h_dens=d_var=18,2271.0,8.91891360282898,2,40;54;38;29;36;31;52;7;14;30;2;34;24;35;43
ins478_m=4_j=60_t=120_sw=h_dens=d_var=18,2271.0,8.91891360282898,3,37;49;6;38;8;55;3;46;32;11;45;42;41;7;5
