instance,makespan,execution_time,machine_id,jobs
ins47_m=2_j=10_t=15_var=7,35.0,2.0539731979370117,0,8;5;3;6;0
ins47_m=2_j=10_t=15_var=7,35.0,2.0539731979370117,1,8;2;3;7;6
