instance,makespan,execution_time,machine_id,jobs
ins450_m=4_j=60_t=120_sw=h_dens=s_var=10,575.0,8.906748294830322,0,31;16;11;49;54;38;23;47;12;58;48;40;26;41;34
ins450_m=4_j=60_t=120_sw=h_dens=s_var=10,575.0,8.906748294830322,1,27;42;47;53;37;5;59;35;29;10;14;19;36;22;31
ins450_m=4_j=60_t=120_sw=h_dens=s_var=10,575.0,8.906748294830322,2,55;38;1;48;9;17;27;12;21;14;56;53;43;29;7
ins450_m=4_j=60_t=120_sw=h_dens=s_var=10,575.0,8.906748294830322,3,35;23;15;51;14;3;5;58;53;17;43;18;7;6;10
