instance,makespan,execution_time,machine_id,jobs
ins561_m=6_j=120_t=120_sw=l_dens=s_var=1,529.0,21.446787118911743,0,45;81;37;7;101;111;57;33;25;93;60;18;13;73;103;29;32;62;30;59
ins561_m=6_j=120_t=120_sw=l_dens=s_var=1,529.0,21.446787118911743,1,66;33;45;85;108;65;12;22;112;16;25;17;43;54;11;76;87;111;61;94
ins561_m=6_j=120_t=120_sw=l_dens=s_var=1,529.0,21.446787118911743,2,0;54;83;72;86;103;36;58;73;102;85;116;89;26;60;95;70;59;77;98
ins561_m=6_j=120_t=120_sw=l_dens=s_var=1,529.0,21.446787118911743,3,7;43;101;37;0;109;113;88;92;73;9;62;70;14;108;111;12;115;63;32
ins561_m=6_j=120_t=120_sw=l_dens=s_var=1,529.0,21.446787118911743,4,76;109;65;82;21;81;98;104;37;33;56;25;35;12;9;106;73;11;74;58
ins561_m=6_j=120_t=120_sw=l_dens=s_var=1,529.0,21.446787118911743,5,5;8;96;59;36;44;117;1;42;77;103;98;52;26;27;110;20;50;71;45
