instance,makespan,execution_time,machine_id,jobs
ins310_m=4_j=60_t=60_sw=h_dens=d_var=10,1320.0,8.382520914077759,0,15;31;47;18;11;17;22;37;40;48;24;45
ins310_m=4_j=60_t=60_sw=h_dens=d_var=10,1320.0,8.382520914077759,1,36;11;0;27;51;29;12;53;32;26;31;33
ins310_m=4_j=60_t=60_sw=h_dens=d_var=10,1320.0,8.382520914077759,2,46;7;42;38;25;14;23;56;20;58;8;13;35;2;54
ins310_m=4_j=60_t=60_sw=h_dens=d_var=10,1320.0,8.382520914077759,3,19;39;55;46;59;6;28;21;3;25;52;10;16;44;9;4;41;49
