instance,makespan,execution_time,machine_id,jobs
ins245_m=4_j=60_t=60_sw=l_dens=s_var=5,221.0,7.983569145202637,0,23;8;4;7;24;27;45;40;28;59;14;43;16;19;15
ins245_m=4_j=60_t=60_sw=l_dens=s_var=5,221.0,7.983569145202637,1,5;58;2;24;20;17;39;21;42;30;52;32;33;44;48
ins245_m=4_j=60_t=60_sw=l_dens=s_var=5,221.0,7.983569145202637,2,14;2;8;25;41;26;20;53;47;19;59;40;38;32;4
ins245_m=4_j=60_t=60_sw=l_dens=s_var=5,221.0,7.983569145202637,3,48;52;7;57;37;29;16;10;49;44;27;6;13;34;18
