instance,makespan,execution_time,machine_id,jobs
ins380_m=4_j=40_t=120_sw=h_dens=s_var=20,336.0,6.398663282394409,0,26;28;30;20;23;29;2;5;38;4
ins380_m=4_j=40_t=120_sw=h_dens=s_var=20,336.0,6.398663282394409,1,19;21;38;7;5;6;1;18;31;12
ins380_m=4_j=40_t=120_sw=h_dens=s_var=20,336.0,6.398663282394409,2,34;20;2;9;37;32;33;30;0;39
ins380_m=4_j=40_t=120_sw=h_dens=s_var=20,336.0,6.398663282394409,3,23;36;10;24;4;14;35;3;8;15
