instance,makespan,execution_time,machine_id,jobs
ins465_m=4_j=60_t=120_sw=h_dens=d_var=5,2144.0,9.065330743789673,0,29;4;7;31;38;50;53;5;9;23;0;16;59;43
ins465_m=4_j=60_t=120_sw=h_dens=d_var=5,2144.0,9.065330743789673,1,2;46;55;52;41;10;47;28;48;35;8;54;40;49;19
ins465_m=4_j=60_t=120_sw=h_dens=d_var=5,2144.0,9.065330743789673,2,0;8;32;17;52;27;18;49;15;34;59;19;42;22;58
ins465_m=4_j=60_t=120_sw=h_dens=d_var=5,2144.0,9.065330743789673,3,44;37;26;57;20;56;30;40;2;24;1;27;46;14;25
