instance,makespan,execution_time,machine_id,jobs
ins299_m=4_j=60_t=60_sw=h_dens=s_var=19,364.0,8.18135380744934,0,46;8;35;41;10;1;32;59;17;50;42;36;21;45;57
ins299_m=4_j=60_t=60_sw=h_dens=s_var=19,364.0,8.18135380744934,1,24;21;17;14;39;4;51;57;32;7;3;8;47;34;45
ins299_m=4_j=60_t=60_sw=h_dens=s_var=19,364.0,8.18135380744934,2,0;21;53;56;27;15;33;26;11;40;18;10;52;16;32
ins299_m=4_j=60_t=60_sw=h_dens=s_var=19,364.0,8.18135380744934,3,46;15;14;58;3;20;48;41;5;56;55;7;42;54;53
