instance,makespan,execution_time,machine_id,jobs
ins419_m=4_j=60_t=120_sw=l_dens=s_var=19,387.0,8.702004432678223,0,26;54;23;48;41;38;47;12;11;31;40;16;34;58;49
ins419_m=4_j=60_t=120_sw=l_dens=s_var=19,387.0,8.702004432678223,1,46;32;2;39;37;35;14;30;20;59;51;10;44;0;52
ins419_m=4_j=60_t=120_sw=l_dens=s_var=19,387.0,8.702004432678223,2,10;22;40;0;35;55;53;19;44;48;18;14;30;4;20
ins419_m=4_j=60_t=120_sw=l_dens=s_var=19,387.0,8.702004432678223,3,55;5;24;1;13;56;27;50;42;21;57;22;53;17;28
