instance,makespan,execution_time,machine_id,jobs
ins365_m=4_j=40_t=120_sw=h_dens=s_var=5,357.0,6.341804265975952,0,20;12;1;14;2;16;24;29;9;28
ins365_m=4_j=40_t=120_sw=h_dens=s_var=5,357.0,6.341804265975952,1,33;12;28;13;29;11;30;7;1;32
ins365_m=4_j=40_t=120_sw=h_dens=s_var=5,357.0,6.341804265975952,2,17;15;4;6;2;20;38;26;31;23
ins365_m=4_j=40_t=120_sw=h_dens=s_var=5,357.0,6.341804265975952,3,25;20;9;6;32;8;35;12;13;23
