instance,makespan,execution_time,machine_id,jobs
ins180_m=4_j=40_t=60_sw=l_dens=s_var=20,146.0,5.8600990772247314,0,8;36;31;27;4;37;24;20;12;6
ins180_m=4_j=40_t=60_sw=l_dens=s_var=20,146.0,5.8600990772247314,1,16;9;24;29;33;31;20;3;5;26
ins180_m=4_j=40_t=60_sw=l_dens=s_var=20,146.0,5.8600990772247314,2,12;13;35;3;8;24;22;11;14;39
ins180_m=4_j=40_t=60_sw=l_dens=s_var=20,146.0,5.8600990772247314,3,33;23;5;25;2;7;9;29;35;3
