instance,makespan,execution_time,machine_id,jobs
ins94_m=3_j=15_t=15_var=14,38.0,2.738800287246704,0,11;10;9;12;13
ins94_m=3_j=15_t=15_var=14,38.0,2.738800287246704,1,9;4;12;5;1
ins94_m=3_j=15_t=15_var=14,38.0,2.738800287246704,2,4;2;0;11;10
