instance,makespan,execution_time,machine_id,jobs
ins563_m=6_j=120_t=120_sw=l_dens=s_var=3,632.0,21.61686134338379,0,110;78;86;35;48;76;2;12;69;70;68;74;115;93;81;91;118;63;38;65
ins563_m=6_j=120_t=120_sw=l_dens=s_var=3,632.0,21.61686134338379,1,47;10;77;36;46;32;12;28;39;113;86;84;41;106;53;23;29;78;27;104
ins563_m=6_j=120_t=120_sw=l_dens=s_var=3,632.0,21.61686134338379,2,101;66;2;50;100;109;107;10;113;21;75;46;36;111;105;72;1;108;39;52
ins563_m=6_j=120_t=120_sw=l_dens=s_var=3,632.0,21.61686134338379,3,11;33;31;5;13;72;105;88;112;29;80;96;85;89;87;95;22;66;43;40
ins563_m=6_j=120_t=120_sw=l_dens=s_var=3,632.0,21.61686134338379,4,65;118;116;91;75;93;103;49;111;12;88;84;97;34;66;72;58;85;26;74
ins563_m=6_j=120_t=120_sw=l_dens=s_var=3,632.0,21.61686134338379,5,104;45;50;61;7;51;64;28;49;39;75;44;24;15;25;1;59;111;20;92
