instance,makespan,execution_time,machine_id,jobs
ins370_m=4_j=40_t=120_sw=h_dens=s_var=10,263.0,6.8434693813323975,0,10;39;26;36;21;34;11;16;29;6
ins370_m=4_j=40_t=120_sw=h_dens=s_var=10,263.0,6.8434693813323975,1,9;14;24;23;26;4;37;10;38;18
ins370_m=4_j=40_t=120_sw=h_dens=s_var=10,263.0,6.8434693813323975,2,26;37;15;35;9;23;30;14;28;22
ins370_m=4_j=40_t=120_sw=h_dens=s_var=10,263.0,6.8434693813323975,3,13;12;27;37;17;38;14;5;36;24
