instance,makespan,execution_time,machine_id,jobs
ins426_m=4_j=60_t=120_sw=l_dens=d_var=6,1058.0,8.600517749786377,0,2;23;11;24;34;10;36;58;25;27;35;7;47;41
ins426_m=4_j=60_t=120_sw=l_dens=d_var=6,1058.0,8.600517749786377,1,28;13;32;1;17;31;37;15;55;48;16;20;45;40
ins426_m=4_j=60_t=120_sw=l_dens=d_var=6,1058.0,8.600517749786377,2,39;49;30;50;52;41;5;21;59;46;48;18;22;44
ins426_m=4_j=60_t=120_sw=l_dens=d_var=6,1058.0,8.600517749786377,3,14;18;43;39;51;3;30;56;8;54;49;38;19;42;26
