instance,makespan,execution_time,machine_id,jobs
ins470_m=4_j=60_t=120_sw=h_dens=d_var=10,2108.0,8.746093511581421,0,41;8;45;6;47;19;49;11;9;48;42;20;5;59;54
ins470_m=4_j=60_t=120_sw=h_dens=d_var=10,2108.0,8.746093511581421,1,17;30;36;44;58;16;25;56;51;43;29;13;8;26;59
ins470_m=4_j=60_t=120_sw=h_dens=d_var=10,2108.0,8.746093511581421,2,0;53;24;50;38;46;48;3;40;5;32;21;27;31;2
ins470_m=4_j=60_t=120_sw=h_dens=d_var=10,2108.0,8.746093511581421,3,37;12;4;15;23;52;55;0;7;35;43;33;31;10;2
