instance,makespan,execution_time,machine_id,jobs
ins302_m=4_j=60_t=60_sw=h_dens=d_var=2,1165.0,8.483458995819092,0,45;36;32;33;38;9;58;13;57;23;22;29;12
ins302_m=4_j=60_t=60_sw=h_dens=d_var=2,1165.0,8.483458995819092,1,13;11;4;53;31;26;59;17;7;2;39;16;18;24;43
ins302_m=4_j=60_t=60_sw=h_dens=d_var=2,1165.0,8.483458995819092,2,48;52;37;34;10;21;55;5;56;28;25;57;44;49;41
ins302_m=4_j=60_t=60_sw=h_dens=d_var=2,1165.0,8.483458995819092,3,1;41;51;35;19;47;3;6;54;50;14;8;0;20;42;27;15;9
