instance,makespan,execution_time,machine_id,jobs
ins503_m=6_j=80_t=120_sw=l_dens=d_var=3,1278.0,14.546390056610107,0,46;60;62;19;34;73;70;29;27;58;3;38;49
ins503_m=6_j=80_t=120_sw=l_dens=d_var=3,1278.0,14.546390056610107,1,27;52;1;77;4;70;6;67;20;31;55;73
ins503_m=6_j=80_t=120_sw=l_dens=d_var=3,1278.0,14.546390056610107,2,45;64;77;66;74;36;30;57;14;47;61;55;16
ins503_m=6_j=80_t=120_sw=l_dens=d_var=3,1278.0,14.546390056610107,3,75;78;59;15;43;42;71;50;35;21;72;7;39
ins503_m=6_j=80_t=120_sw=l_dens=d_var=3,1278.0,14.546390056610107,4,65;10;9;28;18;37;51;61;25;69;48;32;24
ins503_m=6_j=80_t=120_sw=l_dens=d_var=3,1278.0,14.546390056610107,5,76;54;15;68;64;0;8;13;26;25;56;44;33;40;5;53
