instance,makespan,execution_time,machine_id,jobs
ins243_m=4_j=60_t=60_sw=l_dens=s_var=3,260.0,8.023497581481934,0,35;39;30;41;42;59;24;22;4;5;57;58;51;13;44
ins243_m=4_j=60_t=60_sw=l_dens=s_var=3,260.0,8.023497581481934,1,8;5;55;51;17;27;4;33;40;18;9;36;3;34;22
ins243_m=4_j=60_t=60_sw=l_dens=s_var=3,260.0,8.023497581481934,2,15;43;32;28;11;36;16;3;10;45;23;38;34;33;56
ins243_m=4_j=60_t=60_sw=l_dens=s_var=3,260.0,8.023497581481934,3,40;21;2;29;48;12;18;8;7;31;52;1;54;37;17
