instance,makespan,execution_time,machine_id,jobs
ins203_m=4_j=40_t=60_sw=h_dens=s_var=3,225.0,5.8194968700408936,0,11;5;23;36;9;19;33;32;10;34
ins203_m=4_j=40_t=60_sw=h_dens=s_var=3,225.0,5.8194968700408936,1,1;29;28;33;12;13;7;11;30;32
ins203_m=4_j=40_t=60_sw=h_dens=s_var=3,225.0,5.8194968700408936,2,31;17;38;2;20;23;26;6;4;15
ins203_m=4_j=40_t=60_sw=h_dens=s_var=3,225.0,5.8194968700408936,3,7;30;23;33;11;20;0;16;24;29
