instance,makespan,execution_time,machine_id,jobs
ins603_m=6_j=120_t=120_sw=h_dens=s_var=3,1160.0,21.85718297958374,0,105;33;47;107;64;27;40;76;50;20;80;46;53;31;0;32;70;68;85;103
ins603_m=6_j=120_t=120_sw=h_dens=s_var=3,1160.0,21.85718297958374,1,59;85;98;69;115;38;42;113;24;61;103;88;56;45;14;19;13;83;28;57
ins603_m=6_j=120_t=120_sw=h_dens=s_var=3,1160.0,21.85718297958374,2,22;13;82;48;54;11;36;51;92;7;49;1;119;12;93;38;9;5;60;6
ins603_m=6_j=120_t=120_sw=h_dens=s_var=3,1160.0,21.85718297958374,3,115;99;62;56;81;114;59;65;74;100;66;90;108;106;61;44;102;55;112;86
ins603_m=6_j=120_t=120_sw=h_dens=s_var=3,1160.0,21.85718297958374,4,79;34;104;21;42;15;18;35;98;45;84;63;24;87;17;97;23;73;37;26
ins603_m=6_j=120_t=120_sw=h_dens=s_var=3,1160.0,21.85718297958374,5,12;9;28;57;113;16;34;70;68;46;5;69;71;40;45;51;0;108;82;109
