instance,makespan,execution_time,machine_id,jobs
ins311_m=4_j=60_t=60_sw=h_dens=d_var=11,1104.0,8.566174983978271,0,2;25;54;40;18;26;0;12;30;44;31;49
ins311_m=4_j=60_t=60_sw=h_dens=d_var=11,1104.0,8.566174983978271,1,54;30;36;42;26;2;24;48;12;55;17;14;34;59
ins311_m=4_j=60_t=60_sw=h_dens=d_var=11,1104.0,8.566174983978271,2,10;27;45;51;26;53;8;57;20;58;17;23;3
ins311_m=4_j=60_t=60_sw=h_dens=d_var=11,1104.0,8.566174983978271,3,59;7;1;56;47;5;9;35;19;41;13;39;23;46;29;22
