instance,makespan,execution_time,machine_id,jobs
ins149_m=3_j=20_t=20_var=9,62.0,3.134535551071167,0,16;17;10;19;12;3;6
ins149_m=3_j=20_t=20_var=9,62.0,3.134535551071167,1,4;0;5;10;17;11;6
ins149_m=3_j=20_t=20_var=9,62.0,3.134535551071167,2,16;17;8;19;15;13
