instance,makespan,execution_time,machine_id,jobs
ins124_m=3_j=15_t=20_var=4,38.0,2.7434213161468506,0,3;10;0;9;13
ins124_m=3_j=15_t=20_var=4,38.0,2.7434213161468506,1,9;7;5;10;4
ins124_m=3_j=15_t=20_var=4,38.0,2.7434213161468506,2,12;2;5;0;11
