instance,makespan,execution_time,machine_id,jobs
ins577_m=6_j=120_t=120_sw=l_dens=s_var=17,654.0,21.626248598098755,0,90;106;103;44;46;57;51;49;7;43;67;19;21;3;16;20;23;112;77;41
ins577_m=6_j=120_t=120_sw=l_dens=s_var=17,654.0,21.626248598098755,1,61;50;79;96;25;29;60;85;31;34;106;87;7;57;8;27;38;45;76;114
ins577_m=6_j=120_t=120_sw=l_dens=s_var=17,654.0,21.626248598098755,2,31;96;4;63;0;75;85;3;26;117;58;90;83;17;97;32;70;92;22;100
ins577_m=6_j=120_t=120_sw=l_dens=s_var=17,654.0,21.626248598098755,3,64;88;36;63;19;62;39;71;37;105;29;50;84;103;90;101;21;104;65;80
ins577_m=6_j=120_t=120_sw=l_dens=s_var=17,654.0,21.626248598098755,4,36;105;30;39;87;78;18;24;28;46;34;52;73;44;89;94;29;61;84;14
ins577_m=6_j=120_t=120_sw=l_dens=s_var=17,654.0,21.626248598098755,5,23;9;18;71;91;39;104;113;59;109;77;80;4;49;90;84;72;107;64;69
