instance,makespan,execution_time,machine_id,jobs
ins374_m=4_j=40_t=120_sw=h_dens=s_var=14,386.0,6.402829885482788,0,19;38;36;39;16;27;17;34;29;13
ins374_m=4_j=40_t=120_sw=h_dens=s_var=14,386.0,6.402829885482788,1,37;30;20;8;15;39;16;33;6;38
ins374_m=4_j=40_t=120_sw=h_dens=s_var=14,386.0,6.402829885482788,2,1;5;12;15;8;33;21;30;6;37
ins374_m=4_j=40_t=120_sw=h_dens=s_var=14,386.0,6.402829885482788,3,2;4;14;20;37;39;10;8;0;28
