instance,makespan,execution_time,machine_id,jobs
ins230_m=4_j=40_t=60_sw=h_dens=d_var=10,752.0,5.972280263900757,0,16;8;26;1;20;19;4;23;37
ins230_m=4_j=40_t=60_sw=h_dens=d_var=10,752.0,5.972280263900757,1,31;9;2;32;30;35;22;24;18;3
ins230_m=4_j=40_t=60_sw=h_dens=d_var=10,752.0,5.972280263900757,2,11;21;1;13;5;25;29;6;33
ins230_m=4_j=40_t=60_sw=h_dens=d_var=10,752.0,5.972280263900757,3,0;10;39;38;32;15;14;27;34;36
