instance,makespan,execution_time,machine_id,jobs
ins463_m=4_j=60_t=120_sw=h_dens=d_var=3,2100.0,9.070514678955078,0,14;4;12;51;21;15;46;30;23;58;2;24;55;11
ins463_m=4_j=60_t=120_sw=h_dens=d_var=3,2100.0,9.070514678955078,1,51;0;43;54;38;35;46;19;33;29;45;17;13;14;41
ins463_m=4_j=60_t=120_sw=h_dens=d_var=3,2100.0,9.070514678955078,2,36;26;56;59;7;8;32;28;48;54;53;10;57;1;47
ins463_m=4_j=60_t=120_sw=h_dens=d_var=3,2100.0,9.070514678955078,3,50;34;37;52;3;22;28;20;25;40;16;39;31;27;6
