instance,makespan,execution_time,machine_id,jobs
ins253_m=4_j=60_t=60_sw=l_dens=s_var=13,263.0,8.202070236206055,0,1;7;24;17;40;6;55;31;50;58;51;10;2;41;3
ins253_m=4_j=60_t=60_sw=l_dens=s_var=13,263.0,8.202070236206055,1,50;3;53;18;24;35;14;22;51;56;48;52;1;0;5
ins253_m=4_j=60_t=60_sw=l_dens=s_var=13,263.0,8.202070236206055,2,4;52;32;36;34;53;57;5;43;30;33;42;28;19;37
ins253_m=4_j=60_t=60_sw=l_dens=s_var=13,263.0,8.202070236206055,3,7;44;52;58;17;12;42;30;53;36;23;43;45;41;54
