instance,makespan,execution_time,machine_id,jobs
ins294_m=4_j=60_t=60_sw=h_dens=s_var=14,385.0,8.257587909698486,0,41;14;26;18;24;52;17;44;43;8;2;10;9;27;34
ins294_m=4_j=60_t=60_sw=h_dens=s_var=14,385.0,8.257587909698486,1,12;4;59;29;22;44;36;16;57;18;53;55;32;42;2
ins294_m=4_j=60_t=60_sw=h_dens=s_var=14,385.0,8.257587909698486,2,49;20;55;13;10;24;57;22;59;51;9;29;5;8;11
ins294_m=4_j=60_t=60_sw=h_dens=s_var=14,385.0,8.257587909698486,3,13;4;53;35;59;22;8;43;52;38;45;44;37;1;46
