instance,makespan,execution_time,machine_id,jobs
ins213_m=4_j=40_t=60_sw=h_dens=s_var=13,207.0,5.879490613937378,0,12;21;9;22;10;13;20;35;19;23
ins213_m=4_j=40_t=60_sw=h_dens=s_var=13,207.0,5.879490613937378,1,9;27;4;33;38;6;8;3;13;17
ins213_m=4_j=40_t=60_sw=h_dens=s_var=13,207.0,5.879490613937378,2,19;20;0;22;16;32;12;13;31;9
ins213_m=4_j=40_t=60_sw=h_dens=s_var=13,207.0,5.879490613937378,3,18;17;9;21;19;24;34;16;1;8
