instance,makespan,execution_time,machine_id,jobs
ins30_m=2_j=15_t=10_var=10,66.0,2.3375728130340576,0,4;8;3;5;1;7;11;14
ins30_m=2_j=15_t=10_var=10,66.0,2.3375728130340576,1,7;9;3;13;5;0;14
