instance,makespan,execution_time,machine_id,jobs
ins562_m=6_j=120_t=120_sw=l_dens=s_var=2,627.0,21.56116271018982,0,43;106;103;51;77;7;3;44;21;49;16;23;57;41;67;19;20;112;46;90
ins562_m=6_j=120_t=120_sw=l_dens=s_var=2,627.0,21.56116271018982,1,81;86;15;16;101;8;54;62;46;76;43;79;49;111;53;73;67;100;110;23
ins562_m=6_j=120_t=120_sw=l_dens=s_var=2,627.0,21.56116271018982,2,22;11;53;19;7;114;65;113;26;38;97;69;104;27;21;112;50;41;100;88
ins562_m=6_j=120_t=120_sw=l_dens=s_var=2,627.0,21.56116271018982,3,27;35;29;117;114;32;20;30;69;66;42;88;19;103;26;5;82;98;99;6
ins562_m=6_j=120_t=120_sw=l_dens=s_var=2,627.0,21.56116271018982,4,69;113;28;100;65;67;27;11;43;54;22;18;33;93;1;9;89;104;19;20
ins562_m=6_j=120_t=120_sw=l_dens=s_var=2,627.0,21.56116271018982,5,83;94;40;84;113;62;80;47;106;88;61;89;66;50;29;70;22;118;95;105
