instance,makespan,execution_time,machine_id,jobs
ins589_m=6_j=120_t=120_sw=l_dens=d_var=9,1823.0,21.344623804092407,0,47;54;90;43;97;118;30;34;116;95;19;52;113;29;60;48;41;1;64;91
ins589_m=6_j=120_t=120_sw=l_dens=d_var=9,1823.0,21.344623804092407,1,2;36;40;104;78;20;16;88;91;114;3;26;96;70;106;48;27;55;49;54
ins589_m=6_j=120_t=120_sw=l_dens=d_var=9,1823.0,21.344623804092407,2,110;64;21;90;50;20;53;46;55;12;115;99;45;113;79;18;111;8;48;70
ins589_m=6_j=120_t=120_sw=l_dens=d_var=9,1823.0,21.344623804092407,3,84;73;86;57;4;63;74;87;30;77;37;8;97;31;5;107;6;56;53;98
ins589_m=6_j=120_t=120_sw=l_dens=d_var=9,1823.0,21.344623804092407,4,13;103;115;89;83;24;14;17;105;117;25;57;23;100;15;58;68;16;34;80
ins589_m=6_j=120_t=120_sw=l_dens=d_var=9,1823.0,21.344623804092407,5,59;71;109;77;12;11;81;38;10;85;67;9;0;66;39;102;28;112;119;93
