instance,makespan,execution_time,machine_id,jobs
ins274_m=4_j=60_t=60_sw=l_dens=d_var=14,654.0,8.3790283203125,0,15;12;9;56;31;8;19;23;43;38;34;24;27
ins274_m=4_j=60_t=60_sw=l_dens=d_var=14,654.0,8.3790283203125,1,49;59;31;17;30;48;35;13;18;40;3;14;0
ins274_m=4_j=60_t=60_sw=l_dens=d_var=14,654.0,8.3790283203125,2,57;58;4;16;41;33;59;20;17;40;39;3;47;55;28
ins274_m=4_j=60_t=60_sw=l_dens=d_var=14,654.0,8.3790283203125,3,7;32;53;44;37;33;41;2;52;58;48;46;26;36;5;6
