instance,makespan,execution_time,machine_id,jobs
ins328_m=4_j=40_t=120_sw=l_dens=s_var=8,214.0,6.3294923305511475,0,6;39;29;21;11;26;10;16;34;36
ins328_m=4_j=40_t=120_sw=l_dens=s_var=8,214.0,6.3294923305511475,1,6;8;23;38;4;34;37;25;14;35
ins328_m=4_j=40_t=120_sw=l_dens=s_var=8,214.0,6.3294923305511475,2,0;16;13;31;20;12;32;22;19;9
ins328_m=4_j=40_t=120_sw=l_dens=s_var=8,214.0,6.3294923305511475,3,35;23;8;4;15;3;36;10;14;24
