instance,makespan,execution_time,machine_id,jobs
ins285_m=4_j=60_t=60_sw=h_dens=s_var=5,360.0,8.27791953086853,0,48;32;54;37;20;19;40;22;25;11;47;56;4;23;55
ins285_m=4_j=60_t=60_sw=h_dens=s_var=5,360.0,8.27791953086853,1,2;11;55;0;24;7;58;27;10;23;19;43;20;16;5
ins285_m=4_j=60_t=60_sw=h_dens=s_var=5,360.0,8.27791953086853,2,55;51;28;12;35;34;57;36;22;43;37;44;11;46;26
ins285_m=4_j=60_t=60_sw=h_dens=s_var=5,360.0,8.27791953086853,3,11;9;5;1;34;44;31;25;32;13;35;33;29;21;49
