instance,makespan,execution_time,machine_id,jobs
ins414_m=4_j=60_t=120_sw=l_dens=s_var=14,347.0,8.770442247390747,0,8;3;7;32;17;41;45;19;10;52;15;53;25;16;49
ins414_m=4_j=60_t=120_sw=l_dens=s_var=14,347.0,8.770442247390747,1,22;1;10;39;27;40;2;43;46;51;18;21;38;36;7
ins414_m=4_j=60_t=120_sw=l_dens=s_var=14,347.0,8.770442247390747,2,56;7;29;1;9;48;55;21;12;38;43;53;27;14;17
ins414_m=4_j=60_t=120_sw=l_dens=s_var=14,347.0,8.770442247390747,3,26;52;34;41;48;21;32;27;54;7;31;11;20;40;25
