instance,makespan,execution_time,machine_id,jobs
ins162_m=4_j=40_t=60_sw=l_dens=s_var=2,166.0,5.800786733627319,0,29;4;17;14;33;27;21;37;10;32
ins162_m=4_j=40_t=60_sw=l_dens=s_var=2,166.0,5.800786733627319,1,20;31;22;10;18;32;3;9;6;28
ins162_m=4_j=40_t=60_sw=l_dens=s_var=2,166.0,5.800786733627319,2,33;31;22;21;26;10;30;19;0;7
ins162_m=4_j=40_t=60_sw=l_dens=s_var=2,166.0,5.800786733627319,3,13;12;21;19;6;22;30;4;9;28
