instance,makespan,execution_time,machine_id,jobs
ins232_m=4_j=40_t=60_sw=h_dens=d_var=12,688.0,5.972135066986084,0,16;39;25;17;23;36;38;22;33
ins232_m=4_j=40_t=60_sw=h_dens=d_var=12,688.0,5.972135066986084,1,6;39;26;37;33;5;21;7;27
ins232_m=4_j=40_t=60_sw=h_dens=d_var=12,688.0,5.972135066986084,2,27;1;32;29;37;26;34;12;13;28
ins232_m=4_j=40_t=60_sw=h_dens=d_var=12,688.0,5.972135066986084,3,15;11;20;14;35;3;18;4;22;19
