instance,makespan,execution_time,machine_id,jobs
ins587_m=6_j=120_t=120_sw=l_dens=d_var=7,2160.0,21.326656579971313,0,113;59;71;49;96;118;35;74;28;90;18;19;72;112;22;76;63;91;24;108
ins587_m=6_j=120_t=120_sw=l_dens=d_var=7,2160.0,21.326656579971313,1,35;51;6;14;108;22;54;95;102;98;43;39;21;59;25;67;31;52;92
ins587_m=6_j=120_t=120_sw=l_dens=d_var=7,2160.0,21.326656579971313,2,12;115;49;89;114;111;63;80;67;53;44;24;10;88;90;5;22;9;4;2
ins587_m=6_j=120_t=120_sw=l_dens=d_var=7,2160.0,21.326656579971313,3,1;76;77;8;97;10;7;73;66;3;104;13;30;86;12;117;100;70;84;101
ins587_m=6_j=120_t=120_sw=l_dens=d_var=7,2160.0,21.326656579971313,4,61;41;20;50;27;45;79;78;103;0;40;58;29;82;26;68;47;119;55;85;34
ins587_m=6_j=120_t=120_sw=l_dens=d_var=7,2160.0,21.326656579971313,5,93;94;11;116;109;87;65;107;16;64;46;36;57;69;60;105;37;38;48;32;23
