instance,makespan,execution_time,machine_id,jobs
ins251_m=4_j=60_t=60_sw=l_dens=s_var=11,243.0,8.040169477462769,0,27;4;59;23;15;24;8;28;43;19;14;45;7;40;16
ins251_m=4_j=60_t=60_sw=l_dens=s_var=11,243.0,8.040169477462769,1,14;11;36;22;50;39;6;25;17;42;30;47;43;15;3
ins251_m=4_j=60_t=60_sw=l_dens=s_var=11,243.0,8.040169477462769,2,24;57;12;21;28;48;4;16;2;11;39;20;56;54;27
ins251_m=4_j=60_t=60_sw=l_dens=s_var=11,243.0,8.040169477462769,3,6;44;50;33;55;35;11;39;1;36;45;4;15;40;20
