instance,makespan,execution_time,machine_id,jobs
ins410_m=4_j=60_t=120_sw=l_dens=s_var=10,366.0,8.8545241355896,0,7;28;44;45;48;9;23;1;27;56;24;33;58;0;11
ins410_m=4_j=60_t=120_sw=l_dens=s_var=10,366.0,8.8545241355896,1,19;1;47;28;59;8;38;21;13;42;26;58;24;3;0
ins410_m=4_j=60_t=120_sw=l_dens=s_var=10,366.0,8.8545241355896,2,49;52;14;58;33;34;41;26;53;25;8;23;24;35;42
ins410_m=4_j=60_t=120_sw=l_dens=s_var=10,366.0,8.8545241355896,3,2;40;22;3;0;46;23;9;52;56;4;19;48;59;39
