instance,makespan,execution_time,machine_id,jobs
ins146_m=3_j=20_t=20_var=6,58.0,3.6446170806884766,0,12;14;1;7;10;15;6
ins146_m=3_j=20_t=20_var=6,58.0,3.6446170806884766,1,12;5;16;14;2;3;17
ins146_m=3_j=20_t=20_var=6,58.0,3.6446170806884766,2,11;2;5;6;4;18
