instance,makespan,execution_time,machine_id,jobs
ins440_m=4_j=60_t=120_sw=l_dens=d_var=20,1787.0,8.700441837310791,0,26;15;53;24;44;11;2;34;32;41;25;3
ins440_m=4_j=60_t=120_sw=l_dens=d_var=20,1787.0,8.700441837310791,1,10;13;39;17;19;48;23;20;45;4;26;36;35;6
ins440_m=4_j=60_t=120_sw=l_dens=d_var=20,1787.0,8.700441837310791,2,48;31;17;37;43;6;38;46;10;7;49;27;0
ins440_m=4_j=60_t=120_sw=l_dens=d_var=20,1787.0,8.700441837310791,3,50;18;16;8;12;52;21;28;42;5;56;33;30;58;54;40;1;47;29;22
