instance,makespan,execution_time,machine_id,jobs
ins314_m=4_j=60_t=60_sw=h_dens=d_var=14,1110.0,8.205940246582031,0,56;54;33;11;20;44;52;16;47;37;6;45;23
ins314_m=4_j=60_t=60_sw=h_dens=d_var=14,1110.0,8.205940246582031,1,41;40;2;17;26;9;3;27;32;43;5;47;38;4;39
ins314_m=4_j=60_t=60_sw=h_dens=d_var=14,1110.0,8.205940246582031,2,24;15;19;55;17;41;35;53;57;25;7;21;45;32;30
ins314_m=4_j=60_t=60_sw=h_dens=d_var=14,1110.0,8.205940246582031,3,36;58;49;14;1;50;55;42;12;46;59;31;29;8;0
