instance,makespan,execution_time,machine_id,jobs
ins254_m=4_j=60_t=60_sw=l_dens=s_var=14,244.0,9.172879457473755,0,13;58;39;4;5;41;35;22;24;59;30;42;44;51;57
ins254_m=4_j=60_t=60_sw=l_dens=s_var=14,244.0,9.172879457473755,1,42;14;10;31;37;47;59;35;22;19;29;27;53;5;36
ins254_m=4_j=60_t=60_sw=l_dens=s_var=14,244.0,9.172879457473755,2,23;56;33;34;45;28;15;36;43;3;32;11;38;16;10
ins254_m=4_j=60_t=60_sw=l_dens=s_var=14,244.0,9.172879457473755,3,17;2;51;57;48;33;0;14;20;47;23;43;45;59;28
