instance,makespan,execution_time,machine_id,jobs
ins159_m=3_j=20_t=20_var=19,61.0,3.1763181686401367,0,18;19;1;15;16;14;5
ins159_m=3_j=20_t=20_var=19,61.0,3.1763181686401367,1,10;4;1;14;6;12;18
ins159_m=3_j=20_t=20_var=19,61.0,3.1763181686401367,2,1;11;17;2;13;4
