instance,makespan,execution_time,machine_id,jobs
ins105_m=3_j=20_t=15_var=5,52.0,3.1381101608276367,0,18;11;8;17;13;6;16
ins105_m=3_j=20_t=15_var=5,52.0,3.1381101608276367,1,6;16;18;12;13;10;4
ins105_m=3_j=20_t=15_var=5,52.0,3.1381101608276367,2,15;10;2;19;18;12
