instance,makespan,execution_time,machine_id,jobs
ins393_m=4_j=40_t=120_sw=h_dens=d_var=13,1395.0,6.501457214355469,0,32;11;22;10;9;23;38;13;31
ins393_m=4_j=40_t=120_sw=h_dens=d_var=13,1395.0,6.501457214355469,1,6;30;8;21;4;3;14;12;24;25;37
ins393_m=4_j=40_t=120_sw=h_dens=d_var=13,1395.0,6.501457214355469,2,18;1;2;26;20;5;39;35;33;34
ins393_m=4_j=40_t=120_sw=h_dens=d_var=13,1395.0,6.501457214355469,3,28;39;17;29;15;19;16;36;7;0
