instance,makespan,execution_time,machine_id,jobs
ins195_m=4_j=40_t=60_sw=l_dens=d_var=15,406.0,6.002189636230469,0,11;39;3;14;23;5;21;9;15
ins195_m=4_j=40_t=60_sw=l_dens=d_var=15,406.0,6.002189636230469,1,24;29;34;21;7;39;13;16
ins195_m=4_j=40_t=60_sw=l_dens=d_var=15,406.0,6.002189636230469,2,6;1;34;17;4;20;16;35;37
ins195_m=4_j=40_t=60_sw=l_dens=d_var=15,406.0,6.002189636230469,3,33;31;18;6;30;12;22;19;25;8;32;28
