instance,makespan,execution_time,machine_id,jobs
ins119_m=3_j=20_t=15_var=19,51.0,3.131587505340576,0,16;15;13;3;8;4;19
ins119_m=3_j=20_t=15_var=19,51.0,3.131587505340576,1,9;7;2;12;14;6;11
ins119_m=3_j=20_t=15_var=19,51.0,3.131587505340576,2,13;3;1;19;17;7
