instance,makespan,execution_time,machine_id,jobs
ins361_m=4_j=40_t=120_sw=h_dens=s_var=1,328.0,6.416759490966797,0,2;9;17;18;22;7;35;29;30;37
ins361_m=4_j=40_t=120_sw=h_dens=s_var=1,328.0,6.416759490966797,1,18;0;4;24;3;35;20;22;9;14
ins361_m=4_j=40_t=120_sw=h_dens=s_var=1,328.0,6.416759490966797,2,10;19;15;24;14;8;6;27;31;16
ins361_m=4_j=40_t=120_sw=h_dens=s_var=1,328.0,6.416759490966797,3,20;10;2;8;37;4;39;14;0;28
