instance,makespan,execution_time,machine_id,jobs
ins449_m=4_j=60_t=120_sw=h_dens=s_var=9,501.0,9.582633256912231,0,24;4;40;20;54;27;47;48;32;14;33;12;46;16;44
ins449_m=4_j=60_t=120_sw=h_dens=s_var=9,501.0,9.582633256912231,1,23;11;53;58;32;18;24;52;16;33;3;4;7;15;14
ins449_m=4_j=60_t=120_sw=h_dens=s_var=9,501.0,9.582633256912231,2,10;45;20;2;12;54;28;37;25;36;1;29;21;8;41
ins449_m=4_j=60_t=120_sw=h_dens=s_var=9,501.0,9.582633256912231,3,46;45;52;37;1;35;4;22;53;59;8;44;13;38;43
