instance,makespan,execution_time,machine_id,jobs
ins248_m=4_j=60_t=60_sw=l_dens=s_var=8,254.0,8.024035930633545,0,13;43;12;31;0;24;25;59;8;47;53;14;49;44;9
ins248_m=4_j=60_t=60_sw=l_dens=s_var=8,254.0,8.024035930633545,1,1;3;47;24;59;8;0;19;13;58;38;42;28;26;21
ins248_m=4_j=60_t=60_sw=l_dens=s_var=8,254.0,8.024035930633545,2,8;5;57;11;24;49;55;59;13;29;9;20;10;22;51
ins248_m=4_j=60_t=60_sw=l_dens=s_var=8,254.0,8.024035930633545,3,11;17;49;48;32;37;34;6;5;2;29;15;0;57;52
