instance,makespan,execution_time,machine_id,jobs
ins284_m=4_j=60_t=60_sw=h_dens=s_var=4,362.0,8.28773021697998,0,4;50;57;14;37;56;10;16;24;58;54;26;22;28;34
ins284_m=4_j=60_t=60_sw=h_dens=s_var=4,362.0,8.28773021697998,1,12;35;1;50;31;26;0;39;57;14;25;2;44;6;17
ins284_m=4_j=60_t=60_sw=h_dens=s_var=4,362.0,8.28773021697998,2,38;48;39;30;58;34;45;40;56;17;23;0;19;52;15
ins284_m=4_j=60_t=60_sw=h_dens=s_var=4,362.0,8.28773021697998,3,47;21;53;27;58;33;49;43;17;32;8;50;46;45;57
