instance,makespan,execution_time,machine_id,jobs
ins320_m=4_j=60_t=60_sw=h_dens=d_var=20,1138.0,8.212191343307495,0,7;41;0;20;4;18;28;49;39;54;24;59;3;45;17
ins320_m=4_j=60_t=60_sw=h_dens=d_var=20,1138.0,8.212191343307495,1,15;23;48;53;57;9;52;21;51;4;13;29;40;37
ins320_m=4_j=60_t=60_sw=h_dens=d_var=20,1138.0,8.212191343307495,2,50;5;8;16;35;36;57;47;51;56;21;7;33;38
ins320_m=4_j=60_t=60_sw=h_dens=d_var=20,1138.0,8.212191343307495,3,40;6;46;43;38;25;26;44;55;34;48;19;31;32;1
