instance,makespan,execution_time,machine_id,jobs
ins455_m=4_j=60_t=120_sw=h_dens=s_var=15,600.0,8.77040696144104,0,2;45;49;36;57;6;10;16;33;46;37;55;13;51;7
ins455_m=4_j=60_t=120_sw=h_dens=s_var=15,600.0,8.77040696144104,1,56;17;27;42;18;39;46;14;53;50;7;34;30;5;33
ins455_m=4_j=60_t=120_sw=h_dens=s_var=15,600.0,8.77040696144104,2,41;32;55;2;12;16;13;11;8;47;9;50;40;51;30
ins455_m=4_j=60_t=120_sw=h_dens=s_var=15,600.0,8.77040696144104,3,13;35;28;59;24;19;25;47;55;44;9;54;41;21;26
