instance,makespan,execution_time,machine_id,jobs
ins497_m=6_j=80_t=120_sw=l_dens=s_var=17,334.0,14.52331280708313,0,29;3;53;35;33;28;78;22;50;67;32;74;13;57
ins497_m=6_j=80_t=120_sw=l_dens=s_var=17,334.0,14.52331280708313,1,2;57;50;29;20;13;12;4;3;49;56;22;9;11
ins497_m=6_j=80_t=120_sw=l_dens=s_var=17,334.0,14.52331280708313,2,21;29;17;71;55;76;0;70;54;59;56;9;65
ins497_m=6_j=80_t=120_sw=l_dens=s_var=17,334.0,14.52331280708313,3,19;65;25;66;53;43;51;41;23;35;28;77;74
ins497_m=6_j=80_t=120_sw=l_dens=s_var=17,334.0,14.52331280708313,4,2;61;4;51;64;53;27;40;46;69;52;74;20
ins497_m=6_j=80_t=120_sw=l_dens=s_var=17,334.0,14.52331280708313,5,67;54;0;39;45;44;33;58;76;27;24;63;17
