instance,makespan,execution_time,machine_id,jobs
ins405_m=4_j=60_t=120_sw=l_dens=s_var=5,294.0,8.831748962402344,0,14;3;25;22;4;59;10;34;36;41;48;1;51;42;11
ins405_m=4_j=60_t=120_sw=l_dens=s_var=5,294.0,8.831748962402344,1,40;23;22;45;24;44;2;32;39;13;43;25;33;4;56
ins405_m=4_j=60_t=120_sw=l_dens=s_var=5,294.0,8.831748962402344,2,32;31;29;2;21;14;49;39;34;51;37;13;1;8;33
ins405_m=4_j=60_t=120_sw=l_dens=s_var=5,294.0,8.831748962402344,3,32;16;50;17;4;58;27;2;29;48;45;23;18;38;42
