instance,makespan,execution_time,machine_id,jobs
ins630_m=6_j=120_t=120_sw=h_dens=d_var=10,3141.0,21.24841856956482,0,37;98;111;62;20;45;16;104;95;29;60;92;78;42;73;15;19;36;49;79
ins630_m=6_j=120_t=120_sw=h_dens=d_var=10,3141.0,21.24841856956482,1,21;27;51;65;36;19;60;64;50;24;119;61;95;73;109;40;87;71;105;47
ins630_m=6_j=120_t=120_sw=h_dens=d_var=10,3141.0,21.24841856956482,2,17;25;72;77;109;16;68;88;105;8;73;21;113;24;10;9;14;42;110
ins630_m=6_j=120_t=120_sw=h_dens=d_var=10,3141.0,21.24841856956482,3,74;91;6;4;77;101;119;118;110;87;30;109;68;48;99;96;10;100;72
ins630_m=6_j=120_t=120_sw=h_dens=d_var=10,3141.0,21.24841856956482,4,81;38;100;32;89;114;80;111;61;53;30;59;103;85;69;106;63;44;82;11;3
ins630_m=6_j=120_t=120_sw=h_dens=d_var=10,3141.0,21.24841856956482,5,55;84;116;31;18;93;74;5;108;7;75;86;22;54;13;67;56;2;70;78
