instance,makespan,execution_time,machine_id,jobs
ins369_m=4_j=40_t=120_sw=h_dens=s_var=9,319.0,7.389153480529785,0,31;19;1;7;11;37;30;35;8;15
ins369_m=4_j=40_t=120_sw=h_dens=s_var=9,319.0,7.389153480529785,1,22;25;34;8;2;1;37;28;17;29
ins369_m=4_j=40_t=120_sw=h_dens=s_var=9,319.0,7.389153480529785,2,0;15;22;37;35;3;29;6;7;4
ins369_m=4_j=40_t=120_sw=h_dens=s_var=9,319.0,7.389153480529785,3,23;34;3;18;10;32;24;7;30;12
