instance,makespan,execution_time,machine_id,jobs
ins275_m=4_j=60_t=60_sw=l_dens=d_var=15,591.0,8.307684183120728,0,35;46;54;19;45;33;13;16;18;55;3;25;31
ins275_m=4_j=60_t=60_sw=l_dens=d_var=15,591.0,8.307684183120728,1,23;6;58;14;20;36;16;2;7;15;53;0
ins275_m=4_j=60_t=60_sw=l_dens=d_var=15,591.0,8.307684183120728,2,30;40;50;51;38;29;57;1;17;22;5;21;43;26;24
ins275_m=4_j=60_t=60_sw=l_dens=d_var=15,591.0,8.307684183120728,3,47;4;44;37;42;12;49;59;9;8;5;10;27;41;11;32;52;56
