instance,makespan,execution_time,machine_id,jobs
ins557_m=6_j=80_t=120_sw=h_dens=d_var=17,2034.0,14.816821336746216,0,42;33;67;1;76;52;77;66;55;51;39;38;14
ins557_m=6_j=80_t=120_sw=h_dens=d_var=17,2034.0,14.816821336746216,1,62;18;39;0;42;36;28;37;51;15;38;33;54
ins557_m=6_j=80_t=120_sw=h_dens=d_var=17,2034.0,14.816821336746216,2,31;58;62;39;6;7;30;12;5;1;11;16;9
ins557_m=6_j=80_t=120_sw=h_dens=d_var=17,2034.0,14.816821336746216,3,73;29;63;64;51;32;26;78;31;8;72;20;53
ins557_m=6_j=80_t=120_sw=h_dens=d_var=17,2034.0,14.816821336746216,4,3;60;40;23;57;17;65;32;22;61;53;71;50
ins557_m=6_j=80_t=120_sw=h_dens=d_var=17,2034.0,14.816821336746216,5,50;2;13;7;69;24;17;74;52;19;46;79;10
