instance,makespan,execution_time,machine_id,jobs
ins540_m=6_j=80_t=120_sw=h_dens=s_var=20,631.0,14.840086221694946,0,14;53;55;58;23;73;54;37;48;64;24;16;70;77
ins540_m=6_j=80_t=120_sw=h_dens=s_var=20,631.0,14.840086221694946,1,15;5;64;61;44;24;32;66;38;65;51;26;68;10
ins540_m=6_j=80_t=120_sw=h_dens=s_var=20,631.0,14.840086221694946,2,16;50;49;77;0;25;45;32;47;43;64;14;15
ins540_m=6_j=80_t=120_sw=h_dens=s_var=20,631.0,14.840086221694946,3,16;15;56;41;75;42;50;66;29;73;71;54;35
ins540_m=6_j=80_t=120_sw=h_dens=s_var=20,631.0,14.840086221694946,4,71;76;24;31;14;69;33;32;48;65;78;7;15
ins540_m=6_j=80_t=120_sw=h_dens=s_var=20,631.0,14.840086221694946,5,74;45;63;76;4;30;24;64;54;50;18;57;71
