instance,makespan,execution_time,machine_id,jobs
ins586_m=6_j=120_t=120_sw=l_dens=d_var=6,2273.0,20.87521719932556,0,106;18;28;113;70;79;88;53;110;54;118;75;111;20;52;91;93
ins586_m=6_j=120_t=120_sw=l_dens=d_var=6,2273.0,20.87521719932556,1,40;106;107;0;109;94;85;36;28;66;39;63;3;76;42;26
ins586_m=6_j=120_t=120_sw=l_dens=d_var=6,2273.0,20.87521719932556,2,46;97;116;80;66;17;86;11;50;36;32;77;0;101;65;90
ins586_m=6_j=120_t=120_sw=l_dens=d_var=6,2273.0,20.87521719932556,3,31;87;30;104;73;74;27;25;67;98;1;59;89;7;83;81;64;22;37;57;99;92
ins586_m=6_j=120_t=120_sw=l_dens=d_var=6,2273.0,20.87521719932556,4,108;8;15;73;62;23;89;19;51;57;43;58;44;4;22;92;47;48;30;24;12;115
ins586_m=6_j=120_t=120_sw=l_dens=d_var=6,2273.0,20.87521719932556,5,45;21;61;117;55;102;16;68;5;27;82;6;84;95;33;114;35;119;14;78;34;96;41
