instance,makespan,execution_time,machine_id,jobs
ins150_m=3_j=20_t=20_var=10,63.0,3.157360315322876,0,18;17;12;0;8;14;3
ins150_m=3_j=20_t=20_var=10,63.0,3.157360315322876,1,5;13;7;15;8;3;12
ins150_m=3_j=20_t=20_var=10,63.0,3.157360315322876,2,0;4;18;17;11;9
