instance,makespan,execution_time,machine_id,jobs
ins434_m=4_j=60_t=120_sw=l_dens=d_var=14,1387.0,8.877501726150513,0,7;6;28;57;51;19;21;37;49;3;20
ins434_m=4_j=60_t=120_sw=l_dens=d_var=14,1387.0,8.877501726150513,1,34;40;57;33;54;27;58;41;48;3;17;55;16;18;11
ins434_m=4_j=60_t=120_sw=l_dens=d_var=14,1387.0,8.877501726150513,2,8;35;15;17;0;46;32;31;59;30;53;54;2;43;12;50;56
ins434_m=4_j=60_t=120_sw=l_dens=d_var=14,1387.0,8.877501726150513,3,44;38;22;52;13;42;24;4;32;9;1;39;14;47;30;36
