instance,makespan,execution_time,machine_id,jobs
ins313_m=4_j=60_t=60_sw=h_dens=d_var=13,1184.0,8.257161378860474,0,46;44;17;32;26;49;43;5;48;11;42
ins313_m=4_j=60_t=60_sw=h_dens=d_var=13,1184.0,8.257161378860474,1,33;31;28;23;47;19;44;27;59;43;5;51;14;15
ins313_m=4_j=60_t=60_sw=h_dens=d_var=13,1184.0,8.257161378860474,2,1;38;57;50;24;53;21;45;40;54;39;7;25;2;52
ins313_m=4_j=60_t=60_sw=h_dens=d_var=13,1184.0,8.257161378860474,3,13;20;4;22;37;6;16;3;10;9;0;41;25;35;12
