instance,makespan,execution_time,machine_id,jobs
ins74_m=2_j=15_t=15_var=14,56.0,2.3346948623657227,0,0;1;4;2;13;7;5;6
ins74_m=2_j=15_t=15_var=14,56.0,2.3346948623657227,1,14;12;9;1;11;3;10
