instance,makespan,execution_time,machine_id,jobs
ins23_m=2_j=15_t=10_var=3,41.0,2.3021905422210693,0,1;8;6;0;13;7;5;12
ins23_m=2_j=15_t=10_var=3,41.0,2.3021905422210693,1,3;4;6;9;13;11;14
