instance,makespan,execution_time,machine_id,jobs
ins191_m=4_j=40_t=60_sw=l_dens=d_var=11,520.0,5.937480211257935,0,18;8;27;35;22;3;5;36;7
ins191_m=4_j=40_t=60_sw=l_dens=d_var=11,520.0,5.937480211257935,1,5;17;16;14;15;38;19;34
ins191_m=4_j=40_t=60_sw=l_dens=d_var=11,520.0,5.937480211257935,2,13;6;33;4;39;24;9;11;17;20;32
ins191_m=4_j=40_t=60_sw=l_dens=d_var=11,520.0,5.937480211257935,3,12;30;1;26;21;37;29;2;23;31;0
