instance,makespan,execution_time,machine_id,jobs
ins339_m=4_j=40_t=120_sw=l_dens=s_var=19,224.0,6.430633068084717,0,32;8;7;5;17;13;16;9;27;38
ins339_m=4_j=40_t=120_sw=l_dens=s_var=19,224.0,6.430633068084717,1,16;20;29;5;24;9;26;3;33;31
ins339_m=4_j=40_t=120_sw=l_dens=s_var=19,224.0,6.430633068084717,2,22;18;11;24;39;31;36;28;12;26
ins339_m=4_j=40_t=120_sw=l_dens=s_var=19,224.0,6.430633068084717,3,23;30;14;4;36;0;18;38;12;8
