instance,makespan,execution_time,machine_id,jobs
ins441_m=4_j=60_t=120_sw=h_dens=s_var=1,559.0,9.107831478118896,0,56;22;27;23;26;59;58;44;29;20;1;33;28;36;10
ins441_m=4_j=60_t=120_sw=h_dens=s_var=1,559.0,9.107831478118896,1,28;13;10;20;8;19;26;16;47;17;45;49;11;51;0
ins441_m=4_j=60_t=120_sw=h_dens=s_var=1,559.0,9.107831478118896,2,43;39;5;49;12;10;19;20;34;23;59;53;25;7;44
ins441_m=4_j=60_t=120_sw=h_dens=s_var=1,559.0,9.107831478118896,3,53;19;18;13;37;42;15;31;38;48;40;55;16;50;11
