instance,makespan,execution_time,machine_id,jobs
ins335_m=4_j=40_t=120_sw=l_dens=s_var=15,217.0,6.49685263633728,0,13;14;6;30;18;38;24;31;4;25
ins335_m=4_j=40_t=120_sw=l_dens=s_var=15,217.0,6.49685263633728,1,37;18;14;23;9;4;26;10;24;38
ins335_m=4_j=40_t=120_sw=l_dens=s_var=15,217.0,6.49685263633728,2,2;13;27;0;17;15;3;33;22;20
ins335_m=4_j=40_t=120_sw=l_dens=s_var=15,217.0,6.49685263633728,3,34;7;33;17;10;28;29;37;35;0
