instance,makespan,execution_time,machine_id,jobs
ins539_m=6_j=80_t=120_sw=h_dens=s_var=19,690.0,15.031967401504517,0,22;45;24;50;60;9;77;12;73;37;27;49;14;28
ins539_m=6_j=80_t=120_sw=h_dens=s_var=19,690.0,15.031967401504517,1,53;31;50;30;10;65;67;42;6;55;19;3;20;60
ins539_m=6_j=80_t=120_sw=h_dens=s_var=19,690.0,15.031967401504517,2,72;3;75;6;29;5;41;42;19;31;36;69;13
ins539_m=6_j=80_t=120_sw=h_dens=s_var=19,690.0,15.031967401504517,3,21;25;16;54;38;48;4;10;74;40;33;11;35
ins539_m=6_j=80_t=120_sw=h_dens=s_var=19,690.0,15.031967401504517,4,52;76;59;34;58;43;71;55;30;44;32;2;20
ins539_m=6_j=80_t=120_sw=h_dens=s_var=19,690.0,15.031967401504517,5,50;59;78;62;51;10;31;71;25;12;53;47;26
