instance,makespan,execution_time,machine_id,jobs
ins640_m=6_j=120_t=120_sw=h_dens=d_var=20,3329.0,34.868549823760986,0,13;84;117;114;55;56;112;46;17;111;86;72;100;1;51;41;44;39;29;65
ins640_m=6_j=120_t=120_sw=h_dens=d_var=20,3329.0,34.868549823760986,1,83;82;3;6;69;8;53;48;107;16;61;34;54;25;49;36;108;35;2;12
ins640_m=6_j=120_t=120_sw=h_dens=d_var=20,3329.0,34.868549823760986,2,99;110;40;78;93;119;66;60;10;47;67;92;91;97;42;20;118;37;76;26
ins640_m=6_j=120_t=120_sw=h_dens=d_var=20,3329.0,34.868549823760986,3,33;109;101;24;74;77;70;9;27;80;50;68;11;5;81;87;106;57;71;85
ins640_m=6_j=120_t=120_sw=h_dens=d_var=20,3329.0,34.868549823760986,4,115;4;90;22;18;88;62;105;116;21;104;79;94;96;73;102;14;15;113;45
ins640_m=6_j=120_t=120_sw=h_dens=d_var=20,3329.0,34.868549823760986,5,95;30;43;52;28;23;19;63;98;59;7;32;38;31;64;103;75;58;89;0
