instance,makespan,execution_time,machine_id,jobs
ins640_m=6_j=120_t=120_sw=h_dens=d_var=20,3340.0,21.497414350509644,0,86;51;47;29;114;24;119;44;46;117;84;45;112;56;3;111;53;100;40;12
ins640_m=6_j=120_t=120_sw=h_dens=d_var=20,3340.0,21.497414350509644,1,100;107;48;12;24;108;6;69;49;82;84;47;105;61;92;36;1;25;72;22
ins640_m=6_j=120_t=120_sw=h_dens=d_var=20,3340.0,21.497414350509644,2,92;60;110;20;93;3;37;76;69;99;91;25;67;97;42;118;66;65;112;78
ins640_m=6_j=120_t=120_sw=h_dens=d_var=20,3340.0,21.497414350509644,3,88;33;106;80;77;109;74;46;14;118;71;62;68;55;67;22;51;20;34;93
ins640_m=6_j=120_t=120_sw=h_dens=d_var=20,3340.0,21.497414350509644,4,96;4;68;115;18;97;43;77;70;106;32;74;112;33;116;102;15;16;87;49
ins640_m=6_j=120_t=120_sw=h_dens=d_var=20,3340.0,21.497414350509644,5,26;52;19;0;103;31;87;64;38;77;89;28;23;59;7;70;58;75;30;98
