instance,makespan,execution_time,machine_id,jobs
ins256_m=4_j=60_t=60_sw=l_dens=s_var=16,199.0,8.089281558990479,0,52;15;33;20;0;35;3;25;26;43;42;44;31;53;18
ins256_m=4_j=60_t=60_sw=l_dens=s_var=16,199.0,8.089281558990479,1,27;37;14;56;34;48;29;45;36;1;46;54;58;21;38
ins256_m=4_j=60_t=60_sw=l_dens=s_var=16,199.0,8.089281558990479,2,56;11;8;24;0;17;46;54;23;26;28;55;21;2;38
ins256_m=4_j=60_t=60_sw=l_dens=s_var=16,199.0,8.089281558990479,3,44;59;20;31;54;5;12;15;45;50;17;30;19;48;0
