instance,makespan,execution_time,machine_id,jobs
ins145_m=3_j=20_t=20_var=5,63.0,4.001292705535889,0,15;18;14;16;11;17;12
ins145_m=3_j=20_t=20_var=5,63.0,4.001292705535889,1,11;8;15;13;1;3;18
ins145_m=3_j=20_t=20_var=5,63.0,4.001292705535889,2,1;15;16;12;19;13
