instance,makespan,execution_time,machine_id,jobs
ins394_m=4_j=40_t=120_sw=h_dens=d_var=14,1384.0,6.465066909790039,0,15;22;38;17;20;18;11;1
ins394_m=4_j=40_t=120_sw=h_dens=d_var=14,1384.0,6.465066909790039,1,29;39;1;2;34;36;26;35;19;27;28
ins394_m=4_j=40_t=120_sw=h_dens=d_var=14,1384.0,6.465066909790039,2,9;10;23;5;31;33;30;12;25;20
ins394_m=4_j=40_t=120_sw=h_dens=d_var=14,1384.0,6.465066909790039,3,3;4;24;14;37;0;7;8;16;21
