instance,makespan,execution_time,machine_id,jobs
ins617_m=6_j=120_t=120_sw=h_dens=s_var=17,1009.0,21.822282075881958,0,79;68;8;82;114;18;96;95;52;1;60;70;75;30;62;66;63;28;64;42
ins617_m=6_j=120_t=120_sw=h_dens=s_var=17,1009.0,21.822282075881958,1,91;107;5;10;39;15;25;86;48;37;78;24;87;13;72;71;56;94;47;54
ins617_m=6_j=120_t=120_sw=h_dens=s_var=17,1009.0,21.822282075881958,2,67;73;89;99;119;88;30;12;113;106;14;31;24;46;91;96;117;110;71;17
ins617_m=6_j=120_t=120_sw=h_dens=s_var=17,1009.0,21.822282075881958,3,28;34;66;29;19;25;84;23;35;51;41;79;87;10;67;96;98;13;80;75
ins617_m=6_j=120_t=120_sw=h_dens=s_var=17,1009.0,21.822282075881958,4,42;33;28;43;17;29;16;19;51;5;100;98;45;75;88;78;2;107;113;37
ins617_m=6_j=120_t=120_sw=h_dens=s_var=17,1009.0,21.822282075881958,5,63;23;99;52;29;96;20;91;11;46;18;45;50;116;93;103;39;70;15;72
