instance,makespan,execution_time,machine_id,jobs
ins151_m=3_j=20_t=20_var=11,58.0,3.168344259262085,0,4;9;16;18;11;14;15
ins151_m=3_j=20_t=20_var=11,58.0,3.168344259262085,1,11;5;9;12;1;14;2
ins151_m=3_j=20_t=20_var=11,58.0,3.168344259262085,2,15;18;8;0;7;4
