instance,makespan,execution_time,machine_id,jobs
ins511_m=6_j=80_t=120_sw=l_dens=d_var=11,1342.0,14.37633752822876,0,25;78;12;27;40;30;79;29;39;13;31;76;58
ins511_m=6_j=80_t=120_sw=l_dens=d_var=11,1342.0,14.37633752822876,1,74;20;34;64;48;73;54;44;67;17;51;52;36
ins511_m=6_j=80_t=120_sw=l_dens=d_var=11,1342.0,14.37633752822876,2,2;16;38;43;62;35;49;70;18;68;9;59;77
ins511_m=6_j=80_t=120_sw=l_dens=d_var=11,1342.0,14.37633752822876,3,57;8;33;4;11;6;63;46;50;35;49;56;47
ins511_m=6_j=80_t=120_sw=l_dens=d_var=11,1342.0,14.37633752822876,4,72;71;41;37;45;3;53;22;69;23;66;61;21
ins511_m=6_j=80_t=120_sw=l_dens=d_var=11,1342.0,14.37633752822876,5,55;28;15;5;14;42;65;0;26;60;7;24;75
