instance,makespan,execution_time,machine_id,jobs
ins344_m=4_j=40_t=120_sw=l_dens=d_var=4,816.0,6.597626447677612,0,11;34;19;18;12;6;1;16;8;23
ins344_m=4_j=40_t=120_sw=l_dens=d_var=4,816.0,6.597626447677612,1,34;3;12;1;10;38;29;39;35;36
ins344_m=4_j=40_t=120_sw=l_dens=d_var=4,816.0,6.597626447677612,2,9;37;28;31;23;0;5;7;17;25;13
ins344_m=4_j=40_t=120_sw=l_dens=d_var=4,816.0,6.597626447677612,3,21;4;26;12;33;15;30;24;14;27
