instance,makespan,execution_time,machine_id,jobs
ins86_m=3_j=15_t=15_var=6,32.0,2.7181050777435303,0,9;2;13;3;0
ins86_m=3_j=15_t=15_var=6,32.0,2.7181050777435303,1,6;14;3;13;11
ins86_m=3_j=15_t=15_var=6,32.0,2.7181050777435303,2,12;2;13;3;14
