instance,makespan,execution_time,machine_id,jobs
ins609_m=6_j=120_t=120_sw=h_dens=s_var=9,1032.0,21.69633460044861,0,38;118;51;18;55;58;19;109;85;112;10;117;83;114;78;36;63;42;46;106
ins609_m=6_j=120_t=120_sw=h_dens=s_var=9,1032.0,21.69633460044861,1,31;114;5;52;86;106;44;100;102;51;58;4;9;111;119;0;81;8;74;63
ins609_m=6_j=120_t=120_sw=h_dens=s_var=9,1032.0,21.69633460044861,2,19;111;8;65;118;16;106;17;30;35;58;113;42;99;56;21;63;78;105;25
ins609_m=6_j=120_t=120_sw=h_dens=s_var=9,1032.0,21.69633460044861,3,23;65;53;76;35;97;73;60;107;20;15;82;56;30;26;93;25;102;1;41
ins609_m=6_j=120_t=120_sw=h_dens=s_var=9,1032.0,21.69633460044861,4,100;72;87;17;68;4;73;111;10;86;36;38;79;34;7;16;50;106;75;54
ins609_m=6_j=120_t=120_sw=h_dens=s_var=9,1032.0,21.69633460044861,5,59;113;3;20;22;115;92;51;78;101;8;19;93;13;26;81;71;65;21;77
