instance,makespan,execution_time,machine_id,jobs
ins133_m=3_j=15_t=20_var=13,34.0,2.7755513191223145,0,11;0;13;8;2
ins133_m=3_j=15_t=20_var=13,34.0,2.7755513191223145,1,10;5;13;12;11
ins133_m=3_j=15_t=20_var=13,34.0,2.7755513191223145,2,8;11;14;1;6
