instance,makespan,execution_time,machine_id,jobs
ins141_m=3_j=20_t=20_var=1,61.0,3.1866090297698975,0,12;8;5;6;4;16;2
ins141_m=3_j=20_t=20_var=1,61.0,3.1866090297698975,1,19;16;10;6;13;17;3
ins141_m=3_j=20_t=20_var=1,61.0,3.1866090297698975,2,17;11;18;9;0;4
