instance,makespan,execution_time,machine_id,jobs
ins80_m=2_j=15_t=15_var=20,58.0,2.2991292476654053,0,3;5;2;9;13;11;7;6
ins80_m=2_j=15_t=15_var=20,58.0,2.2991292476654053,1,6;7;0;4;3;11;2
