instance,makespan,execution_time,machine_id,jobs
ins219_m=4_j=40_t=60_sw=h_dens=s_var=19,225.0,5.795690298080444,0,13;27;6;12;7;0;20;29;35;36
ins219_m=4_j=40_t=60_sw=h_dens=s_var=19,225.0,5.795690298080444,1,2;30;31;25;0;3;14;37;35;38
ins219_m=4_j=40_t=60_sw=h_dens=s_var=19,225.0,5.795690298080444,2,17;19;33;24;28;12;13;9;23;20
ins219_m=4_j=40_t=60_sw=h_dens=s_var=19,225.0,5.795690298080444,3,31;8;5;11;32;3;34;21;2;30
