instance,makespan,execution_time,machine_id,jobs
ins543_m=6_j=80_t=120_sw=h_dens=d_var=3,2101.0,14.737083435058594,0,66;62;41;79;39;46;15;56;70;12;30;17;19
ins543_m=6_j=80_t=120_sw=h_dens=d_var=3,2101.0,14.737083435058594,1,55;23;71;12;70;44;45;54;18;29;60;43
ins543_m=6_j=80_t=120_sw=h_dens=d_var=3,2101.0,14.737083435058594,2,62;14;55;42;54;69;56;65;21;35;40;49;4
ins543_m=6_j=80_t=120_sw=h_dens=d_var=3,2101.0,14.737083435058594,3,30;6;73;4;52;13;9;7;20;62;43;19;28
ins543_m=6_j=80_t=120_sw=h_dens=d_var=3,2101.0,14.737083435058594,4,31;3;42;0;75;74;32;51;53;67;33;72;76;57
ins543_m=6_j=80_t=120_sw=h_dens=d_var=3,2101.0,14.737083435058594,5,10;57;1;8;38;26;61;31;75;25;58;34;36
