instance,makespan,execution_time,machine_id,jobs
ins421_m=4_j=60_t=120_sw=l_dens=d_var=1,1117.0,8.711056470870972,0,58;54;43;40;22;0;31;29;16;28;34;6;56;27
ins421_m=4_j=60_t=120_sw=l_dens=d_var=1,1117.0,8.711056470870972,1,0;14;26;29;27;32;37;1;13;24;23;47;4
ins421_m=4_j=60_t=120_sw=l_dens=d_var=1,1117.0,8.711056470870972,2,53;10;48;17;11;38;49;9;35;55;47;36;32;12
ins421_m=4_j=60_t=120_sw=l_dens=d_var=1,1117.0,8.711056470870972,3,59;41;3;50;2;52;45;42;11;39;25;44;18;33;20;21
