instance,makespan,execution_time,machine_id,jobs
ins206_m=4_j=40_t=60_sw=h_dens=s_var=6,234.0,5.896627426147461,0,29;8;3;2;35;36;5;6;26;18
ins206_m=4_j=40_t=60_sw=h_dens=s_var=6,234.0,5.896627426147461,1,13;9;0;19;22;4;15;20;16;27
ins206_m=4_j=40_t=60_sw=h_dens=s_var=6,234.0,5.896627426147461,2,11;0;15;5;30;2;34;32;21;23
ins206_m=4_j=40_t=60_sw=h_dens=s_var=6,234.0,5.896627426147461,3,17;36;12;5;37;13;27;38;14;24
