instance,makespan,execution_time,machine_id,jobs
ins626_m=6_j=120_t=120_sw=h_dens=d_var=6,3423.0,21.399566650390625,0,71;29;85;4;79;38;109;12;25;5;92;72;58;46;67;78;118;20;1;48
ins626_m=6_j=120_t=120_sw=h_dens=d_var=6,3423.0,21.399566650390625,1,42;33;55;84;41;65;112;19;2;15;6;24;31;3;81;16;82;105;98;75
ins626_m=6_j=120_t=120_sw=h_dens=d_var=6,3423.0,21.399566650390625,2,86;60;40;66;69;52;107;95;77;36;63;83;108;76;21;13;8;49;61;73
ins626_m=6_j=120_t=120_sw=h_dens=d_var=6,3423.0,21.399566650390625,3,62;32;117;104;109;119;28;61;56;27;96;107;99;64;103;111;63;74;24;7
ins626_m=6_j=120_t=120_sw=h_dens=d_var=6,3423.0,21.399566650390625,4,101;61;97;88;111;60;106;68;18;10;43;22;70;45;14;50;32;89;35
ins626_m=6_j=120_t=120_sw=h_dens=d_var=6,3423.0,21.399566650390625,5,32;115;116;37;9;11;44;93;59;113;17;23;80;110;114;51;34;87;57;39
