instance,makespan,execution_time,machine_id,jobs
ins177_m=4_j=40_t=60_sw=l_dens=s_var=17,134.0,5.8666672706604,0,14;20;24;16;2;9;12;29;28;1
ins177_m=4_j=40_t=60_sw=l_dens=s_var=17,134.0,5.8666672706604,1,16;32;38;2;7;22;27;5;1;36
ins177_m=4_j=40_t=60_sw=l_dens=s_var=17,134.0,5.8666672706604,2,15;28;33;17;19;22;25;39;1;16
ins177_m=4_j=40_t=60_sw=l_dens=s_var=17,134.0,5.8666672706604,3,5;7;8;4;1;15;22;27;32;18
