instance,makespan,execution_time,machine_id,jobs
ins116_m=3_j=20_t=15_var=16,51.0,3.1149935722351074,0,14;3;0;17;8;12;18
ins116_m=3_j=20_t=15_var=16,51.0,3.1149935722351074,1,11;18;13;12;3;15;8
ins116_m=3_j=20_t=15_var=16,51.0,3.1149935722351074,2,13;5;7;1;10;2
