instance,makespan,execution_time,machine_id,jobs
ins266_m=4_j=60_t=60_sw=l_dens=d_var=6,673.0,8.440979957580566,0,4;24;27;2;54;10;48;40;47;8;52;25;1
ins266_m=4_j=60_t=60_sw=l_dens=d_var=6,673.0,8.440979957580566,1,0;23;26;16;39;38;19;3;50;45;29;57;18;12
ins266_m=4_j=60_t=60_sw=l_dens=d_var=6,673.0,8.440979957580566,2,30;25;37;14;50;18;15;35;32;51;19;13;5;45;56
ins266_m=4_j=60_t=60_sw=l_dens=d_var=6,673.0,8.440979957580566,3,54;28;7;55;58;11;43;34;49;36;31;59;17;21;33
