instance,makespan,execution_time,machine_id,jobs
ins71_m=2_j=15_t=15_var=11,60.0,2.3181214332580566,0,13;9;10;3;8;6;1;7
ins71_m=2_j=15_t=15_var=11,60.0,2.3181214332580566,1,5;13;7;2;0;14;4
