instance,makespan,execution_time,machine_id,jobs
ins368_m=4_j=40_t=120_sw=h_dens=s_var=8,331.0,7.044075012207031,0,37;35;18;7;32;0;26;30;36;33
ins368_m=4_j=40_t=120_sw=h_dens=s_var=8,331.0,7.044075012207031,1,10;35;21;38;20;16;34;14;26;32
ins368_m=4_j=40_t=120_sw=h_dens=s_var=8,331.0,7.044075012207031,2,15;33;8;24;30;29;18;21;3;20
ins368_m=4_j=40_t=120_sw=h_dens=s_var=8,331.0,7.044075012207031,3,14;27;23;19;1;4;12;20;17;5
