instance,makespan,execution_time,machine_id,jobs
ins29_m=2_j=15_t=10_var=9,46.0,2.32452130317688,0,8;1;2;11;10;9;12;0
ins29_m=2_j=15_t=10_var=9,46.0,2.32452130317688,1,7;2;0;6;10;14;4
