instance,makespan,execution_time,machine_id,jobs
ins279_m=4_j=60_t=60_sw=l_dens=d_var=19,657.0,8.233327150344849,0,21;29;40;46;37;22;9;32;20;34;45;44;17
ins279_m=4_j=60_t=60_sw=l_dens=d_var=19,657.0,8.233327150344849,1,40;54;52;50;46;4;41;53;28;43;3;26;57;2
ins279_m=4_j=60_t=60_sw=l_dens=d_var=19,657.0,8.233327150344849,2,18;30;7;28;43;36;25;31;56;6;47;8;48;11
ins279_m=4_j=60_t=60_sw=l_dens=d_var=19,657.0,8.233327150344849,3,35;24;33;51;15;42;5;12;19;10;8;59;14;6;39
