instance,makespan,execution_time,machine_id,jobs
ins127_m=3_j=15_t=20_var=7,43.0,2.739170789718628,0,0;7;9;11;2
ins127_m=3_j=15_t=20_var=7,43.0,2.739170789718628,1,1;6;12;11;5
ins127_m=3_j=15_t=20_var=7,43.0,2.739170789718628,2,3;12;7;1;9
