instance,makespan,execution_time,machine_id,jobs
ins343_m=4_j=40_t=120_sw=l_dens=d_var=3,779.0,6.638631105422974,0,1;31;28;36;30;35;34;3;25;9
ins343_m=4_j=40_t=120_sw=l_dens=d_var=3,779.0,6.638631105422974,1,18;7;8;17;38;24;6;15;16;32
ins343_m=4_j=40_t=120_sw=l_dens=d_var=3,779.0,6.638631105422974,2,24;29;27;10;8;33;19;21;4;5
ins343_m=4_j=40_t=120_sw=l_dens=d_var=3,779.0,6.638631105422974,3,33;37;0;22;32;12;26;27;35;4
