instance,makespan,execution_time,machine_id,jobs
ins631_m=6_j=120_t=120_sw=h_dens=d_var=11,3320.0,21.321102619171143,0,13;18;115;37;6;70;45;106;73;74;89;30;11;69;68;44;0;48;67;57
ins631_m=6_j=120_t=120_sw=h_dens=d_var=11,3320.0,21.321102619171143,1,10;37;33;86;108;45;105;60;89;63;11;0;69;49;13;84;15;73;20;67
ins631_m=6_j=120_t=120_sw=h_dens=d_var=11,3320.0,21.321102619171143,2,28;12;1;5;10;34;40;101;93;81;63;42;104;118;35;107;31;85;27;56
ins631_m=6_j=120_t=120_sw=h_dens=d_var=11,3320.0,21.321102619171143,3,97;72;79;46;109;52;25;91;8;3;90;80;110;111;53;4;64;78;20;96
ins631_m=6_j=120_t=120_sw=h_dens=d_var=11,3320.0,21.321102619171143,4,40;19;54;83;64;62;77;29;91;51;24;109;75;65;7;9;6;26;22;16
ins631_m=6_j=120_t=120_sw=h_dens=d_var=11,3320.0,21.321102619171143,5,103;66;41;76;26;100;45;58;2;21;14;119;83;32;77;98;61;94;112;38
