instance,makespan,execution_time,machine_id,jobs
ins342_m=4_j=40_t=120_sw=l_dens=d_var=2,713.0,6.277508020401001,0,2;13;5;3;20;33;11;0
ins342_m=4_j=40_t=120_sw=l_dens=d_var=2,713.0,6.277508020401001,1,38;21;29;17;28;12;37;10
ins342_m=4_j=40_t=120_sw=l_dens=d_var=2,713.0,6.277508020401001,2,4;15;14;7;31;1;27;18;35
ins342_m=4_j=40_t=120_sw=l_dens=d_var=2,713.0,6.277508020401001,3,25;6;23;26;30;19;24;16;22;34;8
