instance,makespan,execution_time,machine_id,jobs
ins56_m=2_j=10_t=15_var=16,37.0,1.9995129108428955,0,5;4;1;8;7
ins56_m=2_j=10_t=15_var=16,37.0,1.9995129108428955,1,1;2;4;7;8
