instance,makespan,execution_time,machine_id,jobs
ins355_m=4_j=40_t=120_sw=l_dens=d_var=15,809.0,6.42682409286499,0,18;8;19;24;26;14;20
ins355_m=4_j=40_t=120_sw=l_dens=d_var=15,809.0,6.42682409286499,1,20;15;17;19;31;4;6;3;26;33;27
ins355_m=4_j=40_t=120_sw=l_dens=d_var=15,809.0,6.42682409286499,2,13;21;25;17;12;29;5;28;7;23
ins355_m=4_j=40_t=120_sw=l_dens=d_var=15,809.0,6.42682409286499,3,11;37;30;35;9;16;39;32;13;10;2;36
