instance,makespan,execution_time,machine_id,jobs
ins461_m=4_j=60_t=120_sw=h_dens=d_var=1,2455.0,11.539100885391235,0,8;17;3;31;33;47;20;9;0;18;15;54
ins461_m=4_j=60_t=120_sw=h_dens=d_var=1,2455.0,11.539100885391235,1,13;14;45;52;4;19;25;46;12;5;39;59;56
ins461_m=4_j=60_t=120_sw=h_dens=d_var=1,2455.0,11.539100885391235,2,37;50;30;16;43;35;32;36;22;55;1;44;13;10;40;48;38
ins461_m=4_j=60_t=120_sw=h_dens=d_var=1,2455.0,11.539100885391235,3,11;23;58;50;51;34;53;24;32;49;41;42;44;21;28;27;29
