instance,makespan,execution_time,machine_id,jobs
ins383_m=4_j=40_t=120_sw=h_dens=d_var=3,1524.0,6.475970506668091,0,21;33;6;10;22;25;13;7;39
ins383_m=4_j=40_t=120_sw=h_dens=d_var=3,1524.0,6.475970506668091,1,39;7;19;17;35;36;38;24;18;33
ins383_m=4_j=40_t=120_sw=h_dens=d_var=3,1524.0,6.475970506668091,2,12;5;29;4;1;15;30;27;0;32
ins383_m=4_j=40_t=120_sw=h_dens=d_var=3,1524.0,6.475970506668091,3,28;37;2;31;8;34;20;26;16;14;3;9
