instance,makespan,execution_time,machine_id,jobs
ins125_m=3_j=15_t=20_var=5,37.0,2.740527391433716,0,1;14;12;6;2
ins125_m=3_j=15_t=20_var=5,37.0,2.740527391433716,1,13;7;10;6;3
ins125_m=3_j=15_t=20_var=5,37.0,2.740527391433716,2,11;9;2;4;0
