instance,makespan,execution_time,machine_id,jobs
ins193_m=4_j=40_t=60_sw=l_dens=d_var=13,412.0,5.9400951862335205,0,15;32;5;34;22;19;39;16
ins193_m=4_j=40_t=60_sw=l_dens=d_var=13,412.0,5.9400951862335205,1,30;1;31;38;9;18;36;25;21
ins193_m=4_j=40_t=60_sw=l_dens=d_var=13,412.0,5.9400951862335205,2,38;20;8;6;7;11;24;37;27;12
ins193_m=4_j=40_t=60_sw=l_dens=d_var=13,412.0,5.9400951862335205,3,17;5;28;33;0;29;2;23;13;10
