instance,makespan,execution_time,machine_id,jobs
ins81_m=3_j=15_t=15_var=1,32.0,2.756333351135254,0,2;10;13;9;3
ins81_m=3_j=15_t=15_var=1,32.0,2.756333351135254,1,2;11;3;7;12
ins81_m=3_j=15_t=15_var=1,32.0,2.756333351135254,2,0;8;6;10;14
