instance,makespan,execution_time,machine_id,jobs
ins38_m=2_j=15_t=10_var=18,58.0,2.318166732788086,0,11;8;5;6;7;9;2;13
ins38_m=2_j=15_t=10_var=18,58.0,2.318166732788086,1,11;1;9;3;12;14;10
