instance,makespan,execution_time,machine_id,jobs
ins171_m=4_j=40_t=60_sw=l_dens=s_var=11,152.0,5.902339220046997,0,21;5;3;25;9;18;0;39;8;36
ins171_m=4_j=40_t=60_sw=l_dens=s_var=11,152.0,5.902339220046997,1,28;9;10;18;3;31;32;6;20;22
ins171_m=4_j=40_t=60_sw=l_dens=s_var=11,152.0,5.902339220046997,2,7;14;26;19;24;35;18;12;0;29
ins171_m=4_j=40_t=60_sw=l_dens=s_var=11,152.0,5.902339220046997,3,4;30;36;6;18;13;35;7;33;8
