instance,makespan,execution_time,machine_id,jobs
ins158_m=3_j=20_t=20_var=18,66.0,3.169485569000244,0,14;5;13;3;1;11;9
ins158_m=3_j=20_t=20_var=18,66.0,3.169485569000244,1,3;10;14;16;6;19;1
ins158_m=3_j=20_t=20_var=18,66.0,3.169485569000244,2,15;5;18;2;4;10
