instance,makespan,execution_time,machine_id,jobs
ins312_m=4_j=60_t=60_sw=h_dens=d_var=12,1173.0,8.36625599861145,0,2;1;14;34;13;55;38;20;54;15;45;46
ins312_m=4_j=60_t=60_sw=h_dens=d_var=12,1173.0,8.36625599861145,1,42;19;47;23;17;29;5;24;43;36;33;59;3;12;7
ins312_m=4_j=60_t=60_sw=h_dens=d_var=12,1173.0,8.36625599861145,2,36;27;19;56;21;0;44;18;6;3;58;22;29;39;37
ins312_m=4_j=60_t=60_sw=h_dens=d_var=12,1173.0,8.36625599861145,3,11;52;28;42;12;8;51;4;16;31;35;25;32;9;50;58;26
