instance,makespan,execution_time,machine_id,jobs
ins291_m=4_j=60_t=60_sw=h_dens=s_var=11,446.0,8.328524589538574,0,50;58;25;20;0;23;5;51;57;37;40;56;3;38;29
ins291_m=4_j=60_t=60_sw=h_dens=s_var=11,446.0,8.328524589538574,1,46;19;44;32;48;8;11;36;54;52;47;1;55;45;41
ins291_m=4_j=60_t=60_sw=h_dens=s_var=11,446.0,8.328524589538574,2,28;56;45;34;10;36;15;43;11;38;33;3;23;16;32
ins291_m=4_j=60_t=60_sw=h_dens=s_var=11,446.0,8.328524589538574,3,42;54;20;14;7;41;46;48;5;56;53;58;55;15;3
