instance,makespan,execution_time,machine_id,jobs
ins404_m=4_j=60_t=120_sw=l_dens=s_var=4,343.0,8.94436764717102,0,29;43;59;46;8;24;0;26;2;19;45;47;6;56;7
ins404_m=4_j=60_t=120_sw=l_dens=s_var=4,343.0,8.94436764717102,1,30;26;57;10;20;12;22;42;58;3;50;6;53;2;46
ins404_m=4_j=60_t=120_sw=l_dens=s_var=4,343.0,8.94436764717102,2,37;36;38;18;56;41;48;54;52;55;47;51;17;39;0
ins404_m=4_j=60_t=120_sw=l_dens=s_var=4,343.0,8.94436764717102,3,13;35;54;9;59;19;25;47;26;24;28;55;41;21;44
