instance,makespan,execution_time,machine_id,jobs
ins638_m=6_j=120_t=120_sw=h_dens=d_var=18,3373.0,21.598121643066406,0,27;34;81;28;30;97;107;98;33;23;52;44;109;41;37;14;6;54;86;50
ins638_m=6_j=120_t=120_sw=h_dens=d_var=18,3373.0,21.598121643066406,1,95;7;18;15;12;47;110;25;101;103;22;20;29;79;46;92;2;89;111;38
ins638_m=6_j=120_t=120_sw=h_dens=d_var=18,3373.0,21.598121643066406,2,53;69;80;93;99;96;78;26;49;19;11;77;1;94;58;91;21;71;42;51
ins638_m=6_j=120_t=120_sw=h_dens=d_var=18,3373.0,21.598121643066406,3,115;83;61;112;91;13;10;4;99;113;77;8;118;59;106;82;102;57;31;117
ins638_m=6_j=120_t=120_sw=h_dens=d_var=18,3373.0,21.598121643066406,4,49;55;82;0;74;56;39;36;70;3;83;76;116;106;104;4;90;30;61;112
ins638_m=6_j=120_t=120_sw=h_dens=d_var=18,3373.0,21.598121643066406,5,62;35;16;72;68;9;43;32;119;88;40;63;73;65;48;28;60;85;67;66
