instance,makespan,execution_time,machine_id,jobs
ins135_m=3_j=15_t=20_var=15,42.0,2.7348530292510986,0,11;2;13;8;0
ins135_m=3_j=15_t=20_var=15,42.0,2.7348530292510986,1,10;6;4;5;14
ins135_m=3_j=15_t=20_var=15,42.0,2.7348530292510986,2,0;9;8;14;12
