instance,makespan,execution_time,machine_id,jobs
ins542_m=6_j=80_t=120_sw=h_dens=d_var=2,2152.0,14.918891191482544,0,48;51;36;72;21;0;66;75;8;40;79;65;58
ins542_m=6_j=80_t=120_sw=h_dens=d_var=2,2152.0,14.918891191482544,1,52;44;46;4;16;72;75;7;61;64;78;69;67
ins542_m=6_j=80_t=120_sw=h_dens=d_var=2,2152.0,14.918891191482544,2,74;10;70;14;13;58;36;11;41;63;45;57;3
ins542_m=6_j=80_t=120_sw=h_dens=d_var=2,2152.0,14.918891191482544,3,49;6;38;35;73;53;59;32;77;34;2;22;65
ins542_m=6_j=80_t=120_sw=h_dens=d_var=2,2152.0,14.918891191482544,4,13;17;68;39;19;6;30;12;18;56;26;77;1
ins542_m=6_j=80_t=120_sw=h_dens=d_var=2,2152.0,14.918891191482544,5,50;47;49;60;37;23;28;27;9;33;20;62;29
