instance,makespan,execution_time,machine_id,jobs
ins552_m=6_j=80_t=120_sw=h_dens=d_var=12,2551.0,14.918706178665161,0,32;19;20;36;50;67;43;79;78;23;54;40;37
ins552_m=6_j=80_t=120_sw=h_dens=d_var=12,2551.0,14.918706178665161,1,34;6;53;67;12;11;38;60;68;23;26;57;71
ins552_m=6_j=80_t=120_sw=h_dens=d_var=12,2551.0,14.918706178665161,2,68;34;47;9;51;75;57;66;27;56;28;2
ins552_m=6_j=80_t=120_sw=h_dens=d_var=12,2551.0,14.918706178665161,3,73;74;33;51;39;77;31;27;49;42;5;1;16
ins552_m=6_j=80_t=120_sw=h_dens=d_var=12,2551.0,14.918706178665161,4,70;21;44;7;3;62;59;14;58;63;30;4;35
ins552_m=6_j=80_t=120_sw=h_dens=d_var=12,2551.0,14.918706178665161,5,72;10;18;52;65;41;0;55;13;25;69;64;45;8;61
