instance,makespan,execution_time,machine_id,jobs
ins510_m=6_j=80_t=120_sw=l_dens=d_var=10,1136.0,14.40152359008789,0,47;5;4;71;22;36;14;7;77;48;62;69;58
ins510_m=6_j=80_t=120_sw=l_dens=d_var=10,1136.0,14.40152359008789,1,65;35;25;37;59;78;42;15;49;44;1;45
ins510_m=6_j=80_t=120_sw=l_dens=d_var=10,1136.0,14.40152359008789,2,45;42;71;13;16;57;7;30;40;37;6;61;67
ins510_m=6_j=80_t=120_sw=l_dens=d_var=10,1136.0,14.40152359008789,3,39;26;0;65;66;74;52;33;64;68;60;9;38
ins510_m=6_j=80_t=120_sw=l_dens=d_var=10,1136.0,14.40152359008789,4,17;35;10;56;20;19;69;46;24;29;79;21;51
ins510_m=6_j=80_t=120_sw=l_dens=d_var=10,1136.0,14.40152359008789,5,32;73;54;11;23;53;27;41;12;70;55;3;1
