instance,makespan,execution_time,machine_id,jobs
ins292_m=4_j=60_t=60_sw=h_dens=s_var=12,398.0,8.234688520431519,0,6;32;31;26;0;50;13;58;53;20;34;18;56;1;48
ins292_m=4_j=60_t=60_sw=h_dens=s_var=12,398.0,8.234688520431519,1,9;2;57;10;45;19;35;12;59;47;42;36;11;33;17
ins292_m=4_j=60_t=60_sw=h_dens=s_var=12,398.0,8.234688520431519,2,35;41;22;43;14;6;5;44;40;10;3;16;51;27;7
ins292_m=4_j=60_t=60_sw=h_dens=s_var=12,398.0,8.234688520431519,3,55;41;34;42;46;53;50;25;38;33;19;36;47;6;26
