instance,makespan,execution_time,machine_id,jobs
ins134_m=3_j=15_t=20_var=14,43.0,2.815854072570801,0,13;6;8;3;2
ins134_m=3_j=15_t=20_var=14,43.0,2.815854072570801,1,10;3;1;2;0
ins134_m=3_j=15_t=20_var=14,43.0,2.815854072570801,2,13;2;9;7;14
