instance,makespan,execution_time,machine_id,jobs
ins597_m=6_j=120_t=120_sw=l_dens=d_var=17,2005.0,21.2805597782135,0,19;56;94;21;105;50;81;70;17;82;40;101;20;64;90;106;37;57;110;35
ins597_m=6_j=120_t=120_sw=l_dens=d_var=17,2005.0,21.2805597782135,1,80;118;100;66;41;64;17;59;32;83;5;110;43;106;13;74;39;111;90;19
ins597_m=6_j=120_t=120_sw=l_dens=d_var=17,2005.0,21.2805597782135,2,43;75;3;83;60;18;91;47;92;88;1;53;108;65;10;5;107;59;15;0
ins597_m=6_j=120_t=120_sw=l_dens=d_var=17,2005.0,21.2805597782135,3,24;33;55;96;27;9;84;29;6;7;18;38;113;19;65;43;28;61;53
ins597_m=6_j=120_t=120_sw=l_dens=d_var=17,2005.0,21.2805597782135,4,36;31;69;71;58;34;16;28;79;109;99;14;54;87;95;85;89;117;115;2
ins597_m=6_j=120_t=120_sw=l_dens=d_var=17,2005.0,21.2805597782135,5,98;69;89;8;85;45;49;87;73;114;46;48;62;102;72;30;42;68;26;103
