instance,makespan,execution_time,machine_id,jobs
ins396_m=4_j=40_t=120_sw=h_dens=d_var=16,1453.0,6.338311195373535,0,22;13;20;27;24;12;38
ins396_m=4_j=40_t=120_sw=h_dens=d_var=16,1453.0,6.338311195373535,1,26;18;8;7;35;17;6;36;31;33
ins396_m=4_j=40_t=120_sw=h_dens=d_var=16,1453.0,6.338311195373535,2,8;25;39;1;2;19;29;37;3;9
ins396_m=4_j=40_t=120_sw=h_dens=d_var=16,1453.0,6.338311195373535,3,11;10;32;34;30;21;5;16;15;14;28
