instance,makespan,execution_time,machine_id,jobs
ins464_m=4_j=60_t=120_sw=h_dens=d_var=4,2011.0,9.086486339569092,0,28;40;44;55;3;23;41;6;56;26;54;33
ins464_m=4_j=60_t=120_sw=h_dens=d_var=4,2011.0,9.086486339569092,1,17;25;4;20;35;45;59;31;37;14;8;39;9;12;52;6
ins464_m=4_j=60_t=120_sw=h_dens=d_var=4,2011.0,9.086486339569092,2,51;46;21;24;5;27;38;45;42;0;15;2;50;19;32
ins464_m=4_j=60_t=120_sw=h_dens=d_var=4,2011.0,9.086486339569092,3,48;11;36;29;7;10;13;53;30;1;19;58;18;8;16;49
