instance,makespan,execution_time,machine_id,jobs
ins140_m=3_j=15_t=20_var=20,40.0,2.742558002471924,0,10;13;11;12;9
ins140_m=3_j=15_t=20_var=20,40.0,2.742558002471924,1,3;6;13;0;1
ins140_m=3_j=15_t=20_var=20,40.0,2.742558002471924,2,1;0;8;2;4
