instance,makespan,execution_time,machine_id,jobs
ins90_m=3_j=15_t=15_var=10,36.0,2.6968839168548584,0,12;11;9;10;13
ins90_m=3_j=15_t=15_var=10,36.0,2.6968839168548584,1,6;3;2;4;10
ins90_m=3_j=15_t=15_var=10,36.0,2.6968839168548584,2,14;8;3;0;7
