instance,makespan,execution_time,machine_id,jobs
ins102_m=3_j=20_t=15_var=2,48.0,3.1769745349884033,0,5;2;12;10;3;11;18
ins102_m=3_j=20_t=15_var=2,48.0,3.1769745349884033,1,2;9;19;3;5;13;8
ins102_m=3_j=20_t=15_var=2,48.0,3.1769745349884033,2,1;16;19;14;17;4
