instance,makespan,execution_time,machine_id,jobs
ins215_m=4_j=40_t=60_sw=h_dens=s_var=15,213.0,5.869793653488159,0,19;38;34;25;31;27;20;7;5;23
ins215_m=4_j=40_t=60_sw=h_dens=s_var=15,213.0,5.869793653488159,1,23;14;4;38;34;25;6;8;37;35
ins215_m=4_j=40_t=60_sw=h_dens=s_var=15,213.0,5.869793653488159,2,7;24;12;0;15;11;37;30;19;16
ins215_m=4_j=40_t=60_sw=h_dens=s_var=15,213.0,5.869793653488159,3,36;23;12;18;26;33;8;3;22;30
