instance,makespan,execution_time,machine_id,jobs
ins326_m=4_j=40_t=120_sw=l_dens=s_var=6,176.0,6.412646532058716,0,24;14;1;31;7;17;32;23;13;22
ins326_m=4_j=40_t=120_sw=l_dens=s_var=6,176.0,6.412646532058716,1,5;20;12;9;37;36;38;1;39;7
ins326_m=4_j=40_t=120_sw=l_dens=s_var=6,176.0,6.412646532058716,2,26;8;21;20;7;27;35;3;10;34
ins326_m=4_j=40_t=120_sw=l_dens=s_var=6,176.0,6.412646532058716,3,13;9;36;23;2;28;20;16;10;4
