instance,makespan,execution_time,machine_id,jobs
ins555_m=6_j=80_t=120_sw=h_dens=d_var=15,2515.0,15.159017086029053,0,48;21;27;8;66;68;31;32;12;47;4
ins555_m=6_j=80_t=120_sw=h_dens=d_var=15,2515.0,15.159017086029053,1,1;78;36;64;55;7;52;38;6;3;39
ins555_m=6_j=80_t=120_sw=h_dens=d_var=15,2515.0,15.159017086029053,2,34;43;58;14;10;9;59;67;60;11;53;5;49;44
ins555_m=6_j=80_t=120_sw=h_dens=d_var=15,2515.0,15.159017086029053,3,70;49;22;51;2;63;24;13;35;33;37;41;18
ins555_m=6_j=80_t=120_sw=h_dens=d_var=15,2515.0,15.159017086029053,4,0;19;76;74;28;53;65;2;62;25;45;23;24;13
ins555_m=6_j=80_t=120_sw=h_dens=d_var=15,2515.0,15.159017086029053,5,73;71;20;77;61;46;57;72;29;17;54;69;75;50;56;15;40
