instance,makespan,execution_time,machine_id,jobs
ins280_m=4_j=60_t=60_sw=l_dens=d_var=20,901.0,8.516103506088257,0,15;0;38;55;36;31;8;51;9;47;18;11;39
ins280_m=4_j=60_t=60_sw=l_dens=d_var=20,901.0,8.516103506088257,1,46;2;16;37;34;8;4;25;21;0;11;18;45;13
ins280_m=4_j=60_t=60_sw=l_dens=d_var=20,901.0,8.516103506088257,2,3;28;59;51;19;25;20;44;22;56;32;27;40;30
ins280_m=4_j=60_t=60_sw=l_dens=d_var=20,901.0,8.516103506088257,3,29;53;23;14;26;43;12;10;5;48;35;24;49;52;58;57;6;7;54;1
