instance,makespan,execution_time,machine_id,jobs
ins459_m=4_j=60_t=120_sw=h_dens=s_var=19,569.0,11.237054824829102,0,56;46;7;20;55;32;59;47;40;1;33;31;13;51;45
ins459_m=4_j=60_t=120_sw=h_dens=s_var=19,569.0,11.237054824829102,1,10;42;11;57;45;2;35;59;47;33;17;36;12;19;9
ins459_m=4_j=60_t=120_sw=h_dens=s_var=19,569.0,11.237054824829102,2,49;14;30;10;22;59;21;17;2;33;6;4;39;9;31
ins459_m=4_j=60_t=120_sw=h_dens=s_var=19,569.0,11.237054824829102,3,30;18;22;0;35;24;14;53;42;23;49;7;48;38;17
