instance,makespan,execution_time,machine_id,jobs
ins468_m=4_j=60_t=120_sw=h_dens=d_var=8,2098.0,8.577194929122925,0,11;44;41;13;47;9;6;42;39;5;22
ins468_m=4_j=60_t=120_sw=h_dens=d_var=8,2098.0,8.577194929122925,1,21;51;49;26;35;57;16;19;55;34;31;24;4;32;8;2
ins468_m=4_j=60_t=120_sw=h_dens=d_var=8,2098.0,8.577194929122925,2,50;59;25;32;53;0;17;34;56;33;52;38;48;30;20
ins468_m=4_j=60_t=120_sw=h_dens=d_var=8,2098.0,8.577194929122925,3,58;36;54;40;14;28;38;7;29;1;23;27;3;12;0;46
