instance,makespan,execution_time,machine_id,jobs
ins522_m=6_j=80_t=120_sw=h_dens=s_var=2,688.0,15.07545018196106,0,16;52;12;42;10;45;40;39;47;35;29;6;78;54
ins522_m=6_j=80_t=120_sw=h_dens=s_var=2,688.0,15.07545018196106,1,14;31;21;15;61;9;60;55;8;17;19;18;57;49
ins522_m=6_j=80_t=120_sw=h_dens=s_var=2,688.0,15.07545018196106,2,31;36;75;6;13;69;41;42;19;72;3;5;29
ins522_m=6_j=80_t=120_sw=h_dens=s_var=2,688.0,15.07545018196106,3,9;41;17;74;12;1;57;53;68;56;75;73;31
ins522_m=6_j=80_t=120_sw=h_dens=s_var=2,688.0,15.07545018196106,4,30;33;61;41;36;15;27;29;73;35;38;57;10
ins522_m=6_j=80_t=120_sw=h_dens=s_var=2,688.0,15.07545018196106,5,72;40;69;25;7;0;39;37;78;66;5;6;50
