instance,makespan,execution_time,machine_id,jobs
ins386_m=4_j=40_t=120_sw=h_dens=d_var=6,1859.0,6.494921445846558,0,27;29;11;2;13;1;26;4;23
ins386_m=4_j=40_t=120_sw=h_dens=d_var=6,1859.0,6.494921445846558,1,21;23;25;7;19;28;34;30;0;15
ins386_m=4_j=40_t=120_sw=h_dens=d_var=6,1859.0,6.494921445846558,2,37;6;15;25;26;13;7;16;22;38
ins386_m=4_j=40_t=120_sw=h_dens=d_var=6,1859.0,6.494921445846558,3,8;33;31;18;10;24;5;12;36;20;3;32
