instance,makespan,execution_time,machine_id,jobs
ins301_m=4_j=60_t=60_sw=h_dens=d_var=1,1190.0,8.31752634048462,0,21;53;16;24;47;4;13;25;20;37;41
ins301_m=4_j=60_t=60_sw=h_dens=d_var=1,1190.0,8.31752634048462,1,30;14;33;45;55;36;43;44;5;58;31;18
ins301_m=4_j=60_t=60_sw=h_dens=d_var=1,1190.0,8.31752634048462,2,27;19;6;9;1;52;38;28;17;3;46;59;39;7;8
ins301_m=4_j=60_t=60_sw=h_dens=d_var=1,1190.0,8.31752634048462,3,12;56;34;10;42;3;23;2;59;22;50;51;54;35;32;19;11;15
