instance,makespan,execution_time,machine_id,jobs
ins332_m=4_j=40_t=120_sw=l_dens=s_var=12,188.0,6.362524509429932,0,14;34;36;31;15;35;6;1;13;39
ins332_m=4_j=40_t=120_sw=l_dens=s_var=12,188.0,6.362524509429932,1,19;26;5;0;36;34;8;7;13;30
ins332_m=4_j=40_t=120_sw=l_dens=s_var=12,188.0,6.362524509429932,2,17;27;36;30;18;28;24;1;26;9
ins332_m=4_j=40_t=120_sw=l_dens=s_var=12,188.0,6.362524509429932,3,24;31;35;11;15;6;2;1;9;20
