instance,makespan,execution_time,machine_id,jobs
ins524_m=6_j=80_t=120_sw=h_dens=s_var=4,656.0,15.22295618057251,0,22;64;29;59;75;47;10;36;21;68;26;57;69;77
ins524_m=6_j=80_t=120_sw=h_dens=s_var=4,656.0,15.22295618057251,1,71;9;35;33;40;47;26;42;13;62;56;75;12;77
ins524_m=6_j=80_t=120_sw=h_dens=s_var=4,656.0,15.22295618057251,2,2;32;60;5;74;7;72;59;28;49;68;15;61
ins524_m=6_j=80_t=120_sw=h_dens=s_var=4,656.0,15.22295618057251,3,23;22;57;63;41;73;19;67;65;78;79;51;11
ins524_m=6_j=80_t=120_sw=h_dens=s_var=4,656.0,15.22295618057251,4,49;32;36;38;5;16;64;71;7;14;62;9;24
ins524_m=6_j=80_t=120_sw=h_dens=s_var=4,656.0,15.22295618057251,5,29;53;25;44;0;37;70;17;4;54;69;36;18
