instance,makespan,execution_time,machine_id,jobs
ins97_m=3_j=15_t=15_var=17,28.0,2.7031848430633545,0,3;4;10;12;1
ins97_m=3_j=15_t=15_var=17,28.0,2.7031848430633545,1,12;2;1;10;13
ins97_m=3_j=15_t=15_var=17,28.0,2.7031848430633545,2,11;6;2;3;4
