instance,makespan,execution_time,machine_id,jobs
ins110_m=3_j=20_t=15_var=10,46.0,3.126046657562256,0,3;8;0;9;10;14;19
ins110_m=3_j=20_t=15_var=10,46.0,3.126046657562256,1,2;9;10;14;1;18;6
ins110_m=3_j=20_t=15_var=10,46.0,3.126046657562256,2,16;15;8;19;17;13
