instance,makespan,execution_time,machine_id,jobs
ins263_m=4_j=60_t=60_sw=l_dens=d_var=3,652.0,8.250343561172485,0,21;38;1;17;12;13;35;58;14;20;34;26;31;41;0
ins263_m=4_j=60_t=60_sw=l_dens=d_var=3,652.0,8.250343561172485,1,34;15;43;48;59;18;11;57;38;53;3;54;42
ins263_m=4_j=60_t=60_sw=l_dens=d_var=3,652.0,8.250343561172485,2,37;40;27;2;6;9;46;36;45;25;56;28;32;8;19
ins263_m=4_j=60_t=60_sw=l_dens=d_var=3,652.0,8.250343561172485,3,22;30;5;6;47;55;39;4;10;7;23;51;24;49;40
