instance,makespan,execution_time,machine_id,jobs
ins493_m=6_j=80_t=120_sw=l_dens=s_var=13,425.0,14.660562753677368,0,75;61;26;25;71;46;4;37;3;31;74;22;13;36
ins493_m=6_j=80_t=120_sw=l_dens=s_var=13,425.0,14.660562753677368,1,10;65;9;66;34;20;14;30;78;17;58;52;42;45
ins493_m=6_j=80_t=120_sw=l_dens=s_var=13,425.0,14.660562753677368,2,73;11;19;17;48;63;12;39;52;62;2;59;9
ins493_m=6_j=80_t=120_sw=l_dens=s_var=13,425.0,14.660562753677368,3,70;10;44;71;78;57;69;32;51;22;27;54;77
ins493_m=6_j=80_t=120_sw=l_dens=s_var=13,425.0,14.660562753677368,4,43;29;58;20;53;40;52;55;18;66;12;23;39
ins493_m=6_j=80_t=120_sw=l_dens=s_var=13,425.0,14.660562753677368,5,71;51;55;69;72;54;62;12;77;57;76;26;58
