instance,makespan,execution_time,machine_id,jobs
ins613_m=6_j=120_t=120_sw=h_dens=s_var=13,1015.0,21.700140953063965,0,51;46;21;19;112;90;106;41;23;43;7;67;57;3;20;16;77;44;49;103
ins613_m=6_j=120_t=120_sw=h_dens=s_var=13,1015.0,21.700140953063965,1,89;98;96;118;76;64;115;87;3;21;2;20;12;1;49;94;35;114;84;44
ins613_m=6_j=120_t=120_sw=h_dens=s_var=13,1015.0,21.700140953063965,2,19;82;89;49;15;4;115;98;58;14;22;3;103;7;111;112;118;40;81;65
ins613_m=6_j=120_t=120_sw=h_dens=s_var=13,1015.0,21.700140953063965,3,14;109;4;76;87;39;22;74;117;83;29;100;35;104;98;53;66;5;93;50
ins613_m=6_j=120_t=120_sw=h_dens=s_var=13,1015.0,21.700140953063965,4,108;75;60;1;118;0;95;26;10;30;33;88;71;92;42;6;85;73;116;114
ins613_m=6_j=120_t=120_sw=h_dens=s_var=13,1015.0,21.700140953063965,5,119;103;64;59;89;91;55;38;24;99;106;50;74;69;85;73;67;22;80;4
