instance,makespan,execution_time,machine_id,jobs
ins431_m=4_j=60_t=120_sw=l_dens=d_var=11,1070.0,8.853050947189331,0,42;50;56;53;1;9;5;14;57;24;35;27
ins431_m=4_j=60_t=120_sw=l_dens=d_var=11,1070.0,8.853050947189331,1,29;59;46;33;28;55;36;16;52;6;43;58;4;37
ins431_m=4_j=60_t=120_sw=l_dens=d_var=11,1070.0,8.853050947189331,2,58;7;8;0;15;45;10;51;23;6;19;34;48;18;54;41
ins431_m=4_j=60_t=120_sw=l_dens=d_var=11,1070.0,8.853050947189331,3,2;12;45;54;31;40;49;13;44;21;22;17;47;25;3;38
