instance,makespan,execution_time,machine_id,jobs
ins68_m=2_j=15_t=15_var=8,64.0,2.3422677516937256,0,10;2;11;8;1;6;5;14
ins68_m=2_j=15_t=15_var=8,64.0,2.3422677516937256,1,9;1;8;2;10;5;14
