instance,makespan,execution_time,machine_id,jobs
ins21_m=2_j=15_t=10_var=1,46.0,2.2887964248657227,0,1;10;11;4;8;6;2;12
ins21_m=2_j=15_t=10_var=1,46.0,2.2887964248657227,1,8;3;0;5;7;9;6
