instance,makespan,execution_time,machine_id,jobs
ins418_m=4_j=60_t=120_sw=l_dens=s_var=18,400.0,8.923772811889648,0,56;8;38;24;1;2;27;12;30;5;55;29;58;36;40
ins418_m=4_j=60_t=120_sw=l_dens=s_var=18,400.0,8.923772811889648,1,47;42;10;24;3;43;28;40;37;34;18;8;33;58;51
ins418_m=4_j=60_t=120_sw=l_dens=s_var=18,400.0,8.923772811889648,2,5;38;47;42;4;0;12;48;25;41;11;40;35;23;27
ins418_m=4_j=60_t=120_sw=l_dens=s_var=18,400.0,8.923772811889648,3,52;25;9;4;27;46;11;21;57;41;45;47;7;32;24
