instance,makespan,execution_time,machine_id,jobs
ins70_m=2_j=15_t=15_var=10,56.0,2.294769048690796,0,1;6;7;10;8;0;9;11
ins70_m=2_j=15_t=15_var=10,56.0,2.294769048690796,1,9;7;6;12;1;2;10
