instance,makespan,execution_time,machine_id,jobs
ins373_m=4_j=40_t=120_sw=h_dens=s_var=13,341.0,6.398301362991333,0,12;23;16;36;9;34;28;22;10;14
ins373_m=4_j=40_t=120_sw=h_dens=s_var=13,341.0,6.398301362991333,1,2;22;4;19;37;30;3;1;16;8
ins373_m=4_j=40_t=120_sw=h_dens=s_var=13,341.0,6.398301362991333,2,39;20;30;2;37;9;34;0;33;32
ins373_m=4_j=40_t=120_sw=h_dens=s_var=13,341.0,6.398301362991333,3,31;15;8;13;39;37;18;27;38;0
