instance,makespan,execution_time,machine_id,jobs
ins480_m=4_j=60_t=120_sw=h_dens=d_var=20,2140.0,8.78736162185669,0,41;11;58;57;40;48;32;8;29;34;3;43;47;26;54
ins480_m=4_j=60_t=120_sw=h_dens=d_var=20,2140.0,8.78736162185669,1,46;18;10;14;6;57;51;2;56;42;0;52;41;44;21;22
ins480_m=4_j=60_t=120_sw=h_dens=d_var=20,2140.0,8.78736162185669,2,4;7;45;33;36;59;51;15;50;16;53;31;46;38;25
ins480_m=4_j=60_t=120_sw=h_dens=d_var=20,2140.0,8.78736162185669,3,20;19;25;55;23;5;13;16;37;35;24;27;49;30;38
