instance,makespan,execution_time,machine_id,jobs
ins28_m=2_j=15_t=10_var=8,39.0,2.268064022064209,0,0;3;5;12;8;4;13
ins28_m=2_j=15_t=10_var=8,39.0,2.268064022064209,1,9;13;11;7;14;6;5
