instance,makespan,execution_time,machine_id,jobs
ins137_m=3_j=15_t=20_var=17,38.0,2.7191355228424072,0,5;8;4;14;11
ins137_m=3_j=15_t=20_var=17,38.0,2.7191355228424072,1,3;13;6;14;11
ins137_m=3_j=15_t=20_var=17,38.0,2.7191355228424072,2,0;8;11;1;2
