instance,makespan,execution_time,machine_id,jobs
ins260_m=4_j=60_t=60_sw=l_dens=s_var=20,257.0,8.325074195861816,0,46;54;14;5;58;25;27;24;26;49;43;6;8;37;45
ins260_m=4_j=60_t=60_sw=l_dens=s_var=20,257.0,8.325074195861816,1,0;41;15;28;29;2;13;22;12;23;56;35;32;33;44
ins260_m=4_j=60_t=60_sw=l_dens=s_var=20,257.0,8.325074195861816,2,12;6;41;46;55;33;4;30;37;49;8;43;38;44;58
ins260_m=4_j=60_t=60_sw=l_dens=s_var=20,257.0,8.325074195861816,3,52;25;43;44;48;30;1;40;51;4;6;45;18;34;15
