instance,makespan,execution_time,machine_id,jobs
ins446_m=4_j=60_t=120_sw=h_dens=s_var=6,553.0,8.798631191253662,0,55;51;18;12;28;25;41;21;26;35;30;53;56;24;40
ins446_m=4_j=60_t=120_sw=h_dens=s_var=6,553.0,8.798631191253662,1,3;16;45;9;58;57;53;2;56;5;22;26;29;20;34
ins446_m=4_j=60_t=120_sw=h_dens=s_var=6,553.0,8.798631191253662,2,44;18;56;58;39;12;34;24;36;35;22;55;53;21;42
ins446_m=4_j=60_t=120_sw=h_dens=s_var=6,553.0,8.798631191253662,3,36;22;41;11;10;56;39;54;24;34;12;16;57;7;37
