instance,makespan,execution_time,machine_id,jobs
ins424_m=4_j=60_t=120_sw=l_dens=d_var=4,1354.0,8.656924962997437,0,17;42;12;40;33;16;32;35;57;0;39;27
ins424_m=4_j=60_t=120_sw=l_dens=d_var=4,1354.0,8.656924962997437,1,59;3;12;8;5;48;58;56;50;25;2;18;46;30
ins424_m=4_j=60_t=120_sw=l_dens=d_var=4,1354.0,8.656924962997437,2,22;29;20;38;9;47;58;19;51;23;41;52;28;2;10;37
ins424_m=4_j=60_t=120_sw=l_dens=d_var=4,1354.0,8.656924962997437,3,34;53;15;55;11;43;45;4;36;1;14;7;54;26;21
