instance,makespan,execution_time,machine_id,jobs
ins554_m=6_j=80_t=120_sw=h_dens=d_var=14,2013.0,14.80126667022705,0,5;18;32;43;36;6;13;63;61;20;69;25;22;59
ins554_m=6_j=80_t=120_sw=h_dens=d_var=14,2013.0,14.80126667022705,1,76;30;3;47;53;33;68;14;1;37;77;51;66
ins554_m=6_j=80_t=120_sw=h_dens=d_var=14,2013.0,14.80126667022705,2,27;73;65;49;2;69;30;78;41;23;0;16;18
ins554_m=6_j=80_t=120_sw=h_dens=d_var=14,2013.0,14.80126667022705,3,5;27;70;21;53;1;0;28;50;60;45;76;56
ins554_m=6_j=80_t=120_sw=h_dens=d_var=14,2013.0,14.80126667022705,4,9;16;62;19;75;61;52;4;18;22;11;40;20
ins554_m=6_j=80_t=120_sw=h_dens=d_var=14,2013.0,14.80126667022705,5,26;67;36;44;79;48;29;33;71;10;7;14;74
