instance,makespan,execution_time,machine_id,jobs
ins238_m=4_j=40_t=60_sw=h_dens=d_var=18,695.0,5.981249094009399,0,19;27;22;31;37;15;25;32;13
ins238_m=4_j=40_t=60_sw=h_dens=d_var=18,695.0,5.981249094009399,1,0;39;28;20;17;6;36;33;10
ins238_m=4_j=40_t=60_sw=h_dens=d_var=18,695.0,5.981249094009399,2,4;19;18;29;9;3;33;11;10;35
ins238_m=4_j=40_t=60_sw=h_dens=d_var=18,695.0,5.981249094009399,3,16;22;30;23;5;2;12;8;33;14
