instance,makespan,execution_time,machine_id,jobs
ins466_m=4_j=60_t=120_sw=h_dens=d_var=6,3332.0,8.976508378982544,0,50;17;12;26;49;35;3;30;45;54;1;44;25
ins466_m=4_j=60_t=120_sw=h_dens=d_var=6,3332.0,8.976508378982544,1,24;14;47;53;18;58;6;19;2;22;55;36
ins466_m=4_j=60_t=120_sw=h_dens=d_var=6,3332.0,8.976508378982544,2,18;34;19;52;51;23;31;13;41;33;56;57;25
ins466_m=4_j=60_t=120_sw=h_dens=d_var=6,3332.0,8.976508378982544,3,16;5;0;8;39;28;7;40;20;4;38;46;9;42;15;27;10;29;59;21;32;43
