instance,makespan,execution_time,machine_id,jobs
ins169_m=4_j=40_t=60_sw=l_dens=s_var=9,138.0,5.956505298614502,0,10;22;8;1;13;33;20;39;15;23
ins169_m=4_j=40_t=60_sw=l_dens=s_var=9,138.0,5.956505298614502,1,13;18;16;35;25;39;14;9;28;24
ins169_m=4_j=40_t=60_sw=l_dens=s_var=9,138.0,5.956505298614502,2,11;23;17;32;3;1;15;28;12;27
ins169_m=4_j=40_t=60_sw=l_dens=s_var=9,138.0,5.956505298614502,3,9;28;36;32;11;27;34;3;38;21
