instance,makespan,execution_time,machine_id,jobs
ins316_m=4_j=60_t=60_sw=h_dens=d_var=16,1233.0,8.291715383529663,0,27;29;18;54;31;6;56;9;50;28;48;23;41;13
ins316_m=4_j=60_t=60_sw=h_dens=d_var=16,1233.0,8.291715383529663,1,0;14;59;19;2;58;52;46;16;17;37;4;22;47
ins316_m=4_j=60_t=60_sw=h_dens=d_var=16,1233.0,8.291715383529663,2,19;20;39;10;40;33;22;37;3;43;42;25;32;11;12
ins316_m=4_j=60_t=60_sw=h_dens=d_var=16,1233.0,8.291715383529663,3,48;7;30;1;15;57;44;45;34;8;36;26;38;51;55
