instance,makespan,execution_time,machine_id,jobs
ins477_m=4_j=60_t=120_sw=h_dens=d_var=17,2053.0,8.859320402145386,0,56;6;57;1;36;43;27;13;17;42;16;2;9;0;38
ins477_m=4_j=60_t=120_sw=h_dens=d_var=17,2053.0,8.859320402145386,1,34;23;37;29;31;12;14;56;20;21;51;40;58;17;52
ins477_m=4_j=60_t=120_sw=h_dens=d_var=17,2053.0,8.859320402145386,2,58;42;46;54;19;59;48;45;23;41;28;51;11;24;35
ins477_m=4_j=60_t=120_sw=h_dens=d_var=17,2053.0,8.859320402145386,3,31;49;47;18;50;10;33;8;3;39;32;25;0;15;7
