instance,makespan,execution_time,machine_id,jobs
ins605_m=6_j=120_t=120_sw=h_dens=s_var=5,1075.0,21.649823427200317,0,103;75;5;11;52;14;32;76;89;26;33;67;17;40;19;88;117;85;47;114
ins605_m=6_j=120_t=120_sw=h_dens=s_var=5,1075.0,21.649823427200317,1,27;82;79;54;84;33;107;67;17;73;90;12;92;40;46;87;18;51;37;98
ins605_m=6_j=120_t=120_sw=h_dens=s_var=5,1075.0,21.649823427200317,2,30;45;39;87;23;12;37;24;38;110;73;49;106;100;98;29;68;97;34;66
ins605_m=6_j=120_t=120_sw=h_dens=s_var=5,1075.0,21.649823427200317,3,95;61;56;53;36;54;108;20;107;42;91;69;80;10;50;0;109;86;101;70
ins605_m=6_j=120_t=120_sw=h_dens=s_var=5,1075.0,21.649823427200317,4,101;52;91;94;100;92;82;5;27;115;96;77;14;103;58;88;81;107;110;68
ins605_m=6_j=120_t=120_sw=h_dens=s_var=5,1075.0,21.649823427200317,5,4;72;26;41;15;100;89;50;85;49;118;74;88;18;12;77;35;0;38;98
