instance,makespan,execution_time,machine_id,jobs
ins444_m=4_j=60_t=120_sw=h_dens=s_var=4,552.0,8.937784671783447,0,24;31;2;51;50;7;10;55;41;17;40;1;58;6;3
ins444_m=4_j=60_t=120_sw=h_dens=s_var=4,552.0,8.937784671783447,1,33;37;34;1;13;30;22;9;46;31;50;52;45;40;17
ins444_m=4_j=60_t=120_sw=h_dens=s_var=4,552.0,8.937784671783447,2,24;16;20;21;27;48;4;56;2;54;39;12;28;11;57
ins444_m=4_j=60_t=120_sw=h_dens=s_var=4,552.0,8.937784671783447,3,32;54;46;2;56;5;25;23;20;31;4;39;12;0;21
