instance,makespan,execution_time,machine_id,jobs
ins155_m=3_j=20_t=20_var=15,50.0,3.150803804397583,0,6;19;5;10;2;16;7
ins155_m=3_j=20_t=20_var=15,50.0,3.150803804397583,1,19;16;0;17;12;10;8
ins155_m=3_j=20_t=20_var=15,50.0,3.150803804397583,2,4;0;18;3;19;17
