instance,makespan,execution_time,machine_id,jobs
ins346_m=4_j=40_t=120_sw=l_dens=d_var=6,811.0,6.47746729850769,0,4;33;2;5;7;27;36;13
ins346_m=4_j=40_t=120_sw=l_dens=d_var=6,811.0,6.47746729850769,1,35;26;20;31;8;32;24;30;12
ins346_m=4_j=40_t=120_sw=l_dens=d_var=6,811.0,6.47746729850769,2,14;15;25;1;19;38;22;21;18;29
ins346_m=4_j=40_t=120_sw=l_dens=d_var=6,811.0,6.47746729850769,3,28;10;39;16;17;6;9;37;3;0;34
