instance,makespan,execution_time,machine_id,jobs
ins621_m=6_j=120_t=120_sw=h_dens=d_var=1,3115.0,21.230695724487305,0,112;45;109;53;90;26;44;55;93;68;66;28;104;48;91;33;36;20;47;85
ins621_m=6_j=120_t=120_sw=h_dens=d_var=1,3115.0,21.230695724487305,1,2;113;95;45;75;73;94;74;101;78;28;52;102;18;47;7;115;23;97;70
ins621_m=6_j=120_t=120_sw=h_dens=d_var=1,3115.0,21.230695724487305,2,90;7;89;45;38;24;119;111;16;10;114;4;6;61;95;106;112;1;33;103
ins621_m=6_j=120_t=120_sw=h_dens=d_var=1,3115.0,21.230695724487305,3,71;57;48;37;74;20;63;76;56;40;114;92;96;27;82;87;65;94;106;117
ins621_m=6_j=120_t=120_sw=h_dens=d_var=1,3115.0,21.230695724487305,4,26;12;0;34;107;25;96;54;88;69;72;84;3;27;92;105;20;80;52;108
ins621_m=6_j=120_t=120_sw=h_dens=d_var=1,3115.0,21.230695724487305,5,110;77;11;36;17;59;35;67;54;29;5;61;41;100;34;6;99;43;98;31
