instance,makespan,execution_time,machine_id,jobs
ins229_m=4_j=40_t=60_sw=h_dens=d_var=9,725.0,5.8444297313690186,0,13;39;12;14;28;18;8;33
ins229_m=4_j=40_t=60_sw=h_dens=d_var=9,725.0,5.8444297313690186,1,13;18;10;25;39;4;24;16;28
ins229_m=4_j=40_t=60_sw=h_dens=d_var=9,725.0,5.8444297313690186,2,27;34;1;2;35;21;9;15;6
ins229_m=4_j=40_t=60_sw=h_dens=d_var=9,725.0,5.8444297313690186,3,20;30;23;35;27;22;3;32;1;7
