instance,makespan,execution_time,machine_id,jobs
ins157_m=3_j=20_t=20_var=17,54.0,3.1664319038391113,0,16;14;11;15;18;9;4
ins157_m=3_j=20_t=20_var=17,54.0,3.1664319038391113,1,1;14;19;5;12;0;3
ins157_m=3_j=20_t=20_var=17,54.0,3.1664319038391113,2,1;16;19;13;17;4
