instance,makespan,execution_time,machine_id,jobs
ins196_m=4_j=40_t=60_sw=l_dens=d_var=16,434.0,5.94220757484436,0,37;13;18;14;8;25;12;23;16
ins196_m=4_j=40_t=60_sw=l_dens=d_var=16,434.0,5.94220757484436,1,20;29;19;6;24;22;10;36;39
ins196_m=4_j=40_t=60_sw=l_dens=d_var=16,434.0,5.94220757484436,2,36;11;0;1;29;33;39;27;32;3
ins196_m=4_j=40_t=60_sw=l_dens=d_var=16,434.0,5.94220757484436,3,23;21;26;31;20;33;7;24;34;38;35;15
