instance,makespan,execution_time,machine_id,jobs
ins240_m=4_j=40_t=60_sw=h_dens=d_var=20,764.0,5.912037372589111,0,8;10;17;39;35;18;21;15
ins240_m=4_j=40_t=60_sw=h_dens=d_var=20,764.0,5.912037372589111,1,0;36;28;2;34;7;14;12;3
ins240_m=4_j=40_t=60_sw=h_dens=d_var=20,764.0,5.912037372589111,2,19;23;4;30;38;9;29;6;33;1;5
ins240_m=4_j=40_t=60_sw=h_dens=d_var=20,764.0,5.912037372589111,3,26;16;27;22;13;24;30;11;25;31;32
