instance,makespan,execution_time,machine_id,jobs
ins413_m=4_j=60_t=120_sw=l_dens=s_var=13,372.0,8.789069175720215,0,5;21;54;47;31;26;43;49;10;3;6;14;27;33;37
ins413_m=4_j=60_t=120_sw=l_dens=s_var=13,372.0,8.789069175720215,1,16;53;34;5;29;9;26;3;56;20;2;57;45;58;22
ins413_m=4_j=60_t=120_sw=l_dens=s_var=13,372.0,8.789069175720215,2,56;43;11;24;30;59;31;47;34;17;46;41;26;29;10
ins413_m=4_j=60_t=120_sw=l_dens=s_var=13,372.0,8.789069175720215,3,13;41;46;1;11;35;7;20;50;9;51;25;8;28;24
