instance,makespan,execution_time,machine_id,jobs
ins538_m=6_j=80_t=120_sw=h_dens=s_var=18,637.0,15.109660863876343,0,24;73;26;46;75;32;79;31;59;10;28;49;71;41
ins538_m=6_j=80_t=120_sw=h_dens=s_var=18,637.0,15.109660863876343,1,22;14;79;16;42;59;24;76;53;28;0;71;25;69
ins538_m=6_j=80_t=120_sw=h_dens=s_var=18,637.0,15.109660863876343,2,45;37;39;17;62;40;8;52;60;55;75;20;31
ins538_m=6_j=80_t=120_sw=h_dens=s_var=18,637.0,15.109660863876343,3,63;5;72;48;40;17;21;77;51;69;38;22;19
ins538_m=6_j=80_t=120_sw=h_dens=s_var=18,637.0,15.109660863876343,4,13;33;64;78;71;25;36;65;63;59;30;1;34
ins538_m=6_j=80_t=120_sw=h_dens=s_var=18,637.0,15.109660863876343,5,15;64;17;28;49;18;16;30;50;36;58;61;60
