instance,makespan,execution_time,machine_id,jobs
ins425_m=4_j=60_t=120_sw=l_dens=d_var=5,1250.0,8.95829963684082,0,0;25;37;4;23;34;9;56;16;28;10;1;51;58;22
ins425_m=4_j=60_t=120_sw=l_dens=d_var=5,1250.0,8.95829963684082,1,8;11;33;14;20;24;57;49;42;13;17;39;52;18;29
ins425_m=4_j=60_t=120_sw=l_dens=d_var=5,1250.0,8.95829963684082,2,8;24;44;7;46;42;20;27;40;35;2;36;19;6;54
ins425_m=4_j=60_t=120_sw=l_dens=d_var=5,1250.0,8.95829963684082,3,22;5;26;41;48;3;47;35;34;50;31;59;53;21;38
