instance,makespan,execution_time,machine_id,jobs
ins528_m=6_j=80_t=120_sw=h_dens=s_var=8,677.0,14.959370851516724,0,69;19;32;71;12;33;51;63;73;62;41;52;70;36
ins528_m=6_j=80_t=120_sw=h_dens=s_var=8,677.0,14.959370851516724,1,72;51;70;3;9;73;22;21;59;30;41;56;45;13
ins528_m=6_j=80_t=120_sw=h_dens=s_var=8,677.0,14.959370851516724,2,24;65;64;10;63;77;29;76;35;15;61;36;52
ins528_m=6_j=80_t=120_sw=h_dens=s_var=8,677.0,14.959370851516724,3,29;60;79;16;77;62;43;44;74;27;58;25;61
ins528_m=6_j=80_t=120_sw=h_dens=s_var=8,677.0,14.959370851516724,4,21;38;41;44;22;16;57;19;42;6;75;45;53
ins528_m=6_j=80_t=120_sw=h_dens=s_var=8,677.0,14.959370851516724,5,53;17;49;18;55;63;28;36;11;57;66;0;46
