instance,makespan,execution_time,machine_id,jobs
ins358_m=4_j=40_t=120_sw=l_dens=d_var=18,848.0,6.477935075759888,0,19;20;1;18;24;7;32;39
ins358_m=4_j=40_t=120_sw=l_dens=d_var=18,848.0,6.477935075759888,1,28;13;14;27;4;38;22;1;36;17
ins358_m=4_j=40_t=120_sw=l_dens=d_var=18,848.0,6.477935075759888,2,21;2;8;15;26;25;37;10;31;12
ins358_m=4_j=40_t=120_sw=l_dens=d_var=18,848.0,6.477935075759888,3,6;5;29;16;3;0;35;11;33;23
