instance,makespan,execution_time,machine_id,jobs
ins111_m=3_j=20_t=15_var=11,54.0,3.132675886154175,0,11;13;17;2;14;8;5
ins111_m=3_j=20_t=15_var=11,54.0,3.132675886154175,1,15;1;19;2;10;18;3
ins111_m=3_j=20_t=15_var=11,54.0,3.132675886154175,2,11;4;15;5;13;8
