instance,makespan,execution_time,machine_id,jobs
ins447_m=4_j=60_t=120_sw=h_dens=s_var=7,570.0,8.845571041107178,0,56;10;35;13;52;4;37;54;6;27;25;7;53;47;29
ins447_m=4_j=60_t=120_sw=h_dens=s_var=7,570.0,8.845571041107178,1,47;34;42;18;28;8;58;10;37;3;33;43;51;40;24
ins447_m=4_j=60_t=120_sw=h_dens=s_var=7,570.0,8.845571041107178,2,20;44;26;15;54;10;36;0;27;47;48;3;43;39;34
ins447_m=4_j=60_t=120_sw=h_dens=s_var=7,570.0,8.845571041107178,3,55;34;20;46;42;24;48;33;21;11;14;22;0;1;2
