instance,makespan,execution_time,machine_id,jobs
ins268_m=4_j=60_t=60_sw=l_dens=d_var=8,677.0,8.772541284561157,0,2;55;18;24;41;11;30;37;35;40;21;4;45;1
ins268_m=4_j=60_t=60_sw=l_dens=d_var=8,677.0,8.772541284561157,1,36;55;32;2;35;54;51;42;53;17;28;13;43;25
ins268_m=4_j=60_t=60_sw=l_dens=d_var=8,677.0,8.772541284561157,2,44;36;50;20;52;33;47;5;37;38;48;28;43;7;19
ins268_m=4_j=60_t=60_sw=l_dens=d_var=8,677.0,8.772541284561157,3,22;12;0;8;10;26;56;15;27;34;6;58;23;14;3
