instance,makespan,execution_time,machine_id,jobs
ins202_m=4_j=40_t=60_sw=h_dens=s_var=2,198.0,5.835858345031738,0,18;1;19;25;32;34;7;16;17;5
ins202_m=4_j=40_t=60_sw=h_dens=s_var=2,198.0,5.835858345031738,1,34;36;35;18;4;17;1;30;25;39
ins202_m=4_j=40_t=60_sw=h_dens=s_var=2,198.0,5.835858345031738,2,17;23;31;29;18;3;27;10;28;9
ins202_m=4_j=40_t=60_sw=h_dens=s_var=2,198.0,5.835858345031738,3,14;27;4;19;1;23;12;5;17;20
