instance,makespan,execution_time,machine_id,jobs
ins399_m=4_j=40_t=120_sw=h_dens=d_var=19,1361.0,6.387511968612671,0,38;24;2;35;11;25;5;20;28
ins399_m=4_j=40_t=120_sw=h_dens=d_var=19,1361.0,6.387511968612671,1,27;33;17;34;39;12;30;13;20
ins399_m=4_j=40_t=120_sw=h_dens=d_var=19,1361.0,6.387511968612671,2,3;15;9;23;37;34;10;1;26;39
ins399_m=4_j=40_t=120_sw=h_dens=d_var=19,1361.0,6.387511968612671,3,29;0;16;21;6;36;8;7;18;32;31
