instance,makespan,execution_time,machine_id,jobs
ins467_m=4_j=60_t=120_sw=h_dens=d_var=7,2606.0,8.848249673843384,0,31;0;10;38;18;15;12;32;30;49;8;44;51;57
ins467_m=4_j=60_t=120_sw=h_dens=d_var=7,2606.0,8.848249673843384,1,27;1;19;40;53;5;4;2;54;31;33;55;13;50;36
ins467_m=4_j=60_t=120_sw=h_dens=d_var=7,2606.0,8.848249673843384,2,39;13;53;9;38;3;2;35;24;41;22;47;58;48;28;52
ins467_m=4_j=60_t=120_sw=h_dens=d_var=7,2606.0,8.848249673843384,3,6;11;23;59;46;42;17;21;16;29;26;56;43;45;37;25;14
