instance,makespan,execution_time,machine_id,jobs
ins534_m=6_j=80_t=120_sw=h_dens=s_var=14,716.0,15.035759687423706,0,43;3;0;41;45;47;30;24;32;5;31;70;50;79
ins534_m=6_j=80_t=120_sw=h_dens=s_var=14,716.0,15.035759687423706,1,46;32;69;74;29;27;68;18;10;42;5;41;4;1
ins534_m=6_j=80_t=120_sw=h_dens=s_var=14,716.0,15.035759687423706,2,20;54;46;28;44;71;29;2;59;12;58;68;6
ins534_m=6_j=80_t=120_sw=h_dens=s_var=14,716.0,15.035759687423706,3,49;62;37;17;56;33;69;19;25;14;64;72;48
ins534_m=6_j=80_t=120_sw=h_dens=s_var=14,716.0,15.035759687423706,4,20;40;69;61;27;64;53;51;52;74;46;4;2
ins534_m=6_j=80_t=120_sw=h_dens=s_var=14,716.0,15.035759687423706,5,67;16;13;75;7;8;11;21;15;10;42;73;52
