instance,makespan,execution_time,machine_id,jobs
ins187_m=4_j=40_t=60_sw=l_dens=d_var=7,449.0,5.968506336212158,0,22;37;7;19;4;25;12
ins187_m=4_j=40_t=60_sw=l_dens=d_var=7,449.0,5.968506336212158,1,11;18;3;34;5;29;30;9
ins187_m=4_j=40_t=60_sw=l_dens=d_var=7,449.0,5.968506336212158,2,32;14;35;6;10;24;36;16;2;0
ins187_m=4_j=40_t=60_sw=l_dens=d_var=7,449.0,5.968506336212158,3,33;1;31;21;13;20;32;28;23;17;0;39;26
