instance,makespan,execution_time,machine_id,jobs
ins208_m=4_j=40_t=60_sw=h_dens=s_var=8,222.0,5.868194103240967,0,7;19;1;30;15;35;37;11;31;8
ins208_m=4_j=40_t=60_sw=h_dens=s_var=8,222.0,5.868194103240967,1,3;8;13;31;23;17;20;1;10;22
ins208_m=4_j=40_t=60_sw=h_dens=s_var=8,222.0,5.868194103240967,2,13;28;15;18;17;30;36;39;29;2
ins208_m=4_j=40_t=60_sw=h_dens=s_var=8,222.0,5.868194103240967,3,4;10;28;1;0;13;8;35;29;6
