instance,makespan,execution_time,machine_id,jobs
ins504_m=6_j=80_t=120_sw=l_dens=d_var=4,1145.0,14.327955961227417,0,77;15;16;42;55;68;33;30;60;44;1;23
ins504_m=6_j=80_t=120_sw=l_dens=d_var=4,1145.0,14.327955961227417,1,34;39;8;10;77;57;60;46;33;4;72;13
ins504_m=6_j=80_t=120_sw=l_dens=d_var=4,1145.0,14.327955961227417,2,59;12;31;41;43;13;7;19;64;55;27;8
ins504_m=6_j=80_t=120_sw=l_dens=d_var=4,1145.0,14.327955961227417,3,6;22;69;0;71;45;55;7;26;78;66;3
ins504_m=6_j=80_t=120_sw=l_dens=d_var=4,1145.0,14.327955961227417,4,45;62;17;36;63;67;50;79;21;29;43;51;22;65
ins504_m=6_j=80_t=120_sw=l_dens=d_var=4,1145.0,14.327955961227417,5,40;5;20;70;18;75;56;38;24;58;61;53;74;48;9
