instance,makespan,execution_time,machine_id,jobs
ins319_m=4_j=60_t=60_sw=h_dens=d_var=19,1144.0,8.224811553955078,0,13;11;7;17;51;41;52;28;44;4;36;25;12;54
ins319_m=4_j=60_t=60_sw=h_dens=d_var=19,1144.0,8.224811553955078,1,26;23;36;58;2;44;7;30;57;22;38;37;46;19
ins319_m=4_j=60_t=60_sw=h_dens=d_var=19,1144.0,8.224811553955078,2,13;9;2;55;3;5;16;8;18;24;10;15;29;14
ins319_m=4_j=60_t=60_sw=h_dens=d_var=19,1144.0,8.224811553955078,3,35;59;39;5;34;0;33;53;27;20;21;48;31;50;14
