instance,makespan,execution_time,machine_id,jobs
ins200_m=4_j=40_t=60_sw=l_dens=d_var=20,466.0,6.035718679428101,0,10;0;38;4;31;25;12;3;32;2
ins200_m=4_j=40_t=60_sw=l_dens=d_var=20,466.0,6.035718679428101,1,26;23;5;20;2;14;16;0;38
ins200_m=4_j=40_t=60_sw=l_dens=d_var=20,466.0,6.035718679428101,2,22;33;24;13;37;2;4;6;28
ins200_m=4_j=40_t=60_sw=l_dens=d_var=20,466.0,6.035718679428101,3,11;34;1;18;7;19;17;13;9;39;21;36
