instance,makespan,execution_time,machine_id,jobs
ins389_m=4_j=40_t=120_sw=h_dens=d_var=9,1201.0,6.441252708435059,0,25;30;18;32;24;37;31;22;15;6
ins389_m=4_j=40_t=120_sw=h_dens=d_var=9,1201.0,6.441252708435059,1,35;20;28;32;38;21;25;13;24;26
ins389_m=4_j=40_t=120_sw=h_dens=d_var=9,1201.0,6.441252708435059,2,37;5;32;16;33;36;29;3;31;2
ins389_m=4_j=40_t=120_sw=h_dens=d_var=9,1201.0,6.441252708435059,3,19;39;17;12;1;11;33;14;36;8
