instance,makespan,execution_time,machine_id,jobs
ins592_m=6_j=120_t=120_sw=l_dens=d_var=12,2328.0,21.648815631866455,0,1;54;76;3;24;22;47;19;65;44;7;48;92;116;104;117;21;34;15
ins592_m=6_j=120_t=120_sw=l_dens=d_var=12,2328.0,21.648815631866455,1,54;118;87;98;5;35;83;19;3;36;31;46;14;78;26;117;2;92;94
ins592_m=6_j=120_t=120_sw=l_dens=d_var=12,2328.0,21.648815631866455,2,36;8;105;56;4;13;66;93;26;109;95;83;23;28;20;50;30;43;77
ins592_m=6_j=120_t=120_sw=l_dens=d_var=12,2328.0,21.648815631866455,3,39;66;82;107;68;80;88;8;97;101;110;59;74;20;38;112;71;61;41;11
ins592_m=6_j=120_t=120_sw=l_dens=d_var=12,2328.0,21.648815631866455,4,90;40;64;77;56;63;33;8;75;115;70;103;71;100;86;16;60;58;82;17
ins592_m=6_j=120_t=120_sw=l_dens=d_var=12,2328.0,21.648815631866455,5,79;91;6;119;67;37;57;114;49;25;45;108;42;69;27;99;85;51;96;113;89;102;62
