instance,makespan,execution_time,machine_id,jobs
ins490_m=6_j=80_t=120_sw=l_dens=s_var=10,426.0,20.561319589614868,0,76;66;51;60;25;11;46;64;57;14;33;36;61;10
ins490_m=6_j=80_t=120_sw=l_dens=s_var=10,426.0,20.561319589614868,1,17;51;60;9;69;76;40;38;21;2;70;67;41;12
ins490_m=6_j=80_t=120_sw=l_dens=s_var=10,426.0,20.561319589614868,2,12;73;52;8;50;67;47;33;68;45;60;72;22
ins490_m=6_j=80_t=120_sw=l_dens=s_var=10,426.0,20.561319589614868,3,28;56;50;44;39;20;13;68;2;26;47;79;52
ins490_m=6_j=80_t=120_sw=l_dens=s_var=10,426.0,20.561319589614868,4,59;13;78;28;11;23;64;63;14;35;27;41;66
ins490_m=6_j=80_t=120_sw=l_dens=s_var=10,426.0,20.561319589614868,5,23;41;55;20;49;2;42;17;59;79;6;63;77
