instance,makespan,execution_time,machine_id,jobs
ins309_m=4_j=60_t=60_sw=h_dens=d_var=9,1126.0,8.320058584213257,0,39;52;5;20;53;37;34;0;17;25;14;21;16;28
ins309_m=4_j=60_t=60_sw=h_dens=d_var=9,1126.0,8.320058584213257,1,43;35;44;36;55;41;57;49;23;45;25;15;58;34
ins309_m=4_j=60_t=60_sw=h_dens=d_var=9,1126.0,8.320058584213257,2,2;26;46;32;27;41;30;44;29;48;31;45;22;50;18
ins309_m=4_j=60_t=60_sw=h_dens=d_var=9,1126.0,8.320058584213257,3,45;49;38;40;19;33;7;51;31;9;12;2;6;13;59
