instance,makespan,execution_time,machine_id,jobs
ins352_m=4_j=40_t=120_sw=l_dens=d_var=12,1077.0,6.5389697551727295,0,7;12;6;27;32;15;0;33
ins352_m=4_j=40_t=120_sw=l_dens=d_var=12,1077.0,6.5389697551727295,1,21;5;15;22;9;13;30;11;31;38
ins352_m=4_j=40_t=120_sw=l_dens=d_var=12,1077.0,6.5389697551727295,2,29;22;8;14;35;10;1;28;16;20
ins352_m=4_j=40_t=120_sw=l_dens=d_var=12,1077.0,6.5389697551727295,3,2;25;24;4;19;3;37;17;36;18;23;34
