instance,makespan,execution_time,machine_id,jobs
ins489_m=6_j=80_t=120_sw=l_dens=s_var=9,373.0,15.254855155944824,0,37;31;10;5;12;38;23;78;44;47;69;76;64;28
ins489_m=6_j=80_t=120_sw=l_dens=s_var=9,373.0,15.254855155944824,1,21;20;79;70;60;48;14;1;17;19;11;68;46;30
ins489_m=6_j=80_t=120_sw=l_dens=s_var=9,373.0,15.254855155944824,2,32;8;18;9;3;59;36;51;72;74;0;7;61
ins489_m=6_j=80_t=120_sw=l_dens=s_var=9,373.0,15.254855155944824,3,54;16;75;42;66;71;50;73;56;29;15;41;35
ins489_m=6_j=80_t=120_sw=l_dens=s_var=9,373.0,15.254855155944824,4,76;22;10;6;8;44;35;68;9;50;20;66;19
ins489_m=6_j=80_t=120_sw=l_dens=s_var=9,373.0,15.254855155944824,5,71;62;38;64;12;78;26;37;47;68;77;53;4
