instance,makespan,execution_time,machine_id,jobs
ins295_m=4_j=60_t=60_sw=h_dens=s_var=15,399.0,8.330826997756958,0,17;6;33;45;49;24;2;31;11;16;52;37;57;22;7
ins295_m=4_j=60_t=60_sw=h_dens=s_var=15,399.0,8.330826997756958,1,47;22;10;53;42;59;35;14;37;29;19;27;36;5;31
ins295_m=4_j=60_t=60_sw=h_dens=s_var=15,399.0,8.330826997756958,2,58;40;20;11;10;51;52;45;37;48;8;36;15;43;1
ins295_m=4_j=60_t=60_sw=h_dens=s_var=15,399.0,8.330826997756958,3,26;35;54;21;44;19;25;47;13;59;28;9;41;55;24
