instance,makespan,execution_time,machine_id,jobs
ins367_m=4_j=40_t=120_sw=h_dens=s_var=7,346.0,6.367420673370361,0,13;36;38;34;27;29;16;17;19;39
ins367_m=4_j=40_t=120_sw=h_dens=s_var=7,346.0,6.367420673370361,1,3;14;26;36;17;0;18;37;8;9
ins367_m=4_j=40_t=120_sw=h_dens=s_var=7,346.0,6.367420673370361,2,8;16;10;18;27;25;34;37;38;3
ins367_m=4_j=40_t=120_sw=h_dens=s_var=7,346.0,6.367420673370361,3,17;12;14;37;27;36;38;13;5;24
