instance,makespan,execution_time,machine_id,jobs
ins516_m=6_j=80_t=120_sw=l_dens=d_var=16,1141.0,15.16391658782959,0,45;48;44;12;61;2;26;14;51;43;20;4
ins516_m=6_j=80_t=120_sw=l_dens=d_var=16,1141.0,15.16391658782959,1,20;43;74;31;4;60;33;25;11;23;27;51;1
ins516_m=6_j=80_t=120_sw=l_dens=d_var=16,1141.0,15.16391658782959,2,35;40;66;39;75;37;25;32;12;14;23;42;10
ins516_m=6_j=80_t=120_sw=l_dens=d_var=16,1141.0,15.16391658782959,3,23;76;35;6;29;18;7;64;41;4;49;24;75;36
ins516_m=6_j=80_t=120_sw=l_dens=d_var=16,1141.0,15.16391658782959,4,62;29;5;50;56;59;65;77;73;21;48;53;55
ins516_m=6_j=80_t=120_sw=l_dens=d_var=16,1141.0,15.16391658782959,5,57;2;71;77;68;16;0;63;34;52;56;47;67;22;7
