instance,makespan,execution_time,machine_id,jobs
ins18_m=2_j=10_t=10_var=18,22.0,1.9980320930480957,0,7;2;4;3;8
ins18_m=2_j=10_t=10_var=18,22.0,1.9980320930480957,1,1;7;0;4;2
