instance,makespan,execution_time,machine_id,jobs
ins558_m=6_j=80_t=120_sw=h_dens=d_var=18,2188.0,14.988524198532104,0,77;74;63;78;69;33;34;57;46;52;25;2;8
ins558_m=6_j=80_t=120_sw=h_dens=d_var=18,2188.0,14.988524198532104,1,70;78;72;0;26;65;39;58;29;74;42;44;25
ins558_m=6_j=80_t=120_sw=h_dens=d_var=18,2188.0,14.988524198532104,2,41;40;42;9;6;78;50;13;32;59;76;16;29
ins558_m=6_j=80_t=120_sw=h_dens=d_var=18,2188.0,14.988524198532104,3,0;14;22;16;70;53;75;60;35;68;23;66;9
ins558_m=6_j=80_t=120_sw=h_dens=d_var=18,2188.0,14.988524198532104,4,2;43;4;68;64;62;71;21;61;48;23;56;28
ins558_m=6_j=80_t=120_sw=h_dens=d_var=18,2188.0,14.988524198532104,5,1;40;49;5;12;47;37;67;11;13;54;24;20
