instance,makespan,execution_time,machine_id,jobs
ins595_m=6_j=120_t=120_sw=l_dens=d_var=15,2147.0,21.27315378189087,0,96;59;93;110;21;117;54;11;118;114;8;16;66;60;24;41;50;80
ins595_m=6_j=120_t=120_sw=l_dens=d_var=15,2147.0,21.27315378189087,1,46;99;28;76;69;10;73;29;87;63;18;78;86;57;12;65;40;101
ins595_m=6_j=120_t=120_sw=l_dens=d_var=15,2147.0,21.27315378189087,2,61;55;43;95;17;25;83;82;49;70;72;109;34;91;5;31;98;13;53
ins595_m=6_j=120_t=120_sw=l_dens=d_var=15,2147.0,21.27315378189087,3,7;0;67;107;58;111;74;6;9;15;3;22;27;91;73;105;68;35;4;103;71
ins595_m=6_j=120_t=120_sw=l_dens=d_var=15,2147.0,21.27315378189087,4,97;94;84;15;45;92;6;19;107;85;108;20;102;51;39;75;48;33;104;90;3;44
ins595_m=6_j=120_t=120_sw=l_dens=d_var=15,2147.0,21.27315378189087,5,7;81;1;115;47;38;77;88;113;62;100;97;42;84;106;32;37;14;44;30;23
