instance,makespan,execution_time,machine_id,jobs
ins76_m=2_j=15_t=15_var=16,59.0,2.3339884281158447,0,1;3;11;4;9;14;0;7
ins76_m=2_j=15_t=15_var=16,59.0,2.3339884281158447,1,14;12;1;4;2;10;8
