instance,makespan,execution_time,machine_id,jobs
ins120_m=3_j=20_t=15_var=20,59.0,3.105689764022827,0,19;11;5;7;15;9;13
ins120_m=3_j=20_t=15_var=20,59.0,3.105689764022827,1,1;15;17;12;7;16;13
ins120_m=3_j=20_t=15_var=20,59.0,3.105689764022827,2,19;12;10;15;18;2
