instance,makespan,execution_time,machine_id,jobs
ins281_m=4_j=60_t=60_sw=h_dens=s_var=1,396.0,8.327003002166748,0,16;21;7;40;33;51;9;2;25;42;49;58;18;57;32
ins281_m=4_j=60_t=60_sw=h_dens=s_var=1,396.0,8.327003002166748,1,45;53;30;28;29;49;42;48;56;33;57;11;39;46;36
ins281_m=4_j=60_t=60_sw=h_dens=s_var=1,396.0,8.327003002166748,2,22;40;49;44;3;50;52;43;35;4;17;7;32;10;6
ins281_m=4_j=60_t=60_sw=h_dens=s_var=1,396.0,8.327003002166748,3,48;33;22;43;34;21;5;41;1;20;52;28;57;30;23
