instance,makespan,execution_time,machine_id,jobs
ins26_m=2_j=15_t=10_var=6,56.0,2.2925422191619873,0,12;0;11;9;10;5;13;2
ins26_m=2_j=15_t=10_var=6,56.0,2.2925422191619873,1,14;2;5;10;3;6;4
