instance,makespan,execution_time,machine_id,jobs
ins222_m=4_j=40_t=60_sw=h_dens=d_var=2,806.0,5.992480278015137,0,34;9;30;12;25;6;13;19;32
ins222_m=4_j=40_t=60_sw=h_dens=d_var=2,806.0,5.992480278015137,1,19;26;27;21;18;15;28;23;24
ins222_m=4_j=40_t=60_sw=h_dens=d_var=2,806.0,5.992480278015137,2,37;14;5;19;8;2;36;3;4;35
ins222_m=4_j=40_t=60_sw=h_dens=d_var=2,806.0,5.992480278015137,3,39;16;20;11;33;1;29;7;17;22
