instance,makespan,execution_time,machine_id,jobs
ins244_m=4_j=60_t=60_sw=l_dens=s_var=4,244.0,8.082874059677124,0,48;44;14;47;20;27;4;54;12;32;33;16;24;40;46
ins244_m=4_j=60_t=60_sw=l_dens=s_var=4,244.0,8.082874059677124,1,44;37;26;14;18;32;31;29;23;59;11;57;20;8;51
ins244_m=4_j=60_t=60_sw=l_dens=s_var=4,244.0,8.082874059677124,2,24;2;54;39;28;56;12;21;16;48;27;4;57;20;11
ins244_m=4_j=60_t=60_sw=l_dens=s_var=4,244.0,8.082874059677124,3,59;58;50;11;36;6;31;49;35;0;55;21;37;38;34
