instance,makespan,execution_time,machine_id,jobs
ins529_m=6_j=80_t=120_sw=h_dens=s_var=9,688.0,14.986153364181519,0,26;23;6;13;17;33;71;18;36;41;43;65;10;22
ins529_m=6_j=80_t=120_sw=h_dens=s_var=9,688.0,14.986153364181519,1,47;1;19;74;43;12;45;27;77;57;10;65;16;50
ins529_m=6_j=80_t=120_sw=h_dens=s_var=9,688.0,14.986153364181519,2,43;76;8;39;70;16;33;47;15;53;30;52;58
ins529_m=6_j=80_t=120_sw=h_dens=s_var=9,688.0,14.986153364181519,3,5;63;21;48;72;17;40;77;51;22;38;19;69
ins529_m=6_j=80_t=120_sw=h_dens=s_var=9,688.0,14.986153364181519,4,46;18;43;61;59;60;19;13;77;54;23;26;71
ins529_m=6_j=80_t=120_sw=h_dens=s_var=9,688.0,14.986153364181519,5,6;1;23;13;14;9;0;7;57;67;50;78;61
