instance,makespan,execution_time,machine_id,jobs
ins341_m=4_j=40_t=120_sw=l_dens=d_var=1,709.0,6.422572135925293,0,13;22;2;33;36;25;9;28;16;5
ins341_m=4_j=40_t=120_sw=l_dens=d_var=1,709.0,6.422572135925293,1,39;17;27;4;7;21;22;11;38
ins341_m=4_j=40_t=120_sw=l_dens=d_var=1,709.0,6.422572135925293,2,29;37;23;21;2;14;34;6;3;27
ins341_m=4_j=40_t=120_sw=l_dens=d_var=1,709.0,6.422572135925293,3,39;18;24;19;17;12;30;0;35;31
