instance,makespan,execution_time,machine_id,jobs
ins139_m=3_j=15_t=20_var=19,47.0,2.7155497074127197,0,4;12;13;6;1
ins139_m=3_j=15_t=20_var=19,47.0,2.7155497074127197,1,9;5;12;4;1
ins139_m=3_j=15_t=20_var=19,47.0,2.7155497074127197,2,13;10;1;14;9
