instance,makespan,execution_time,machine_id,jobs
ins132_m=3_j=15_t=20_var=12,33.0,2.727290153503418,0,11;2;13;0;8
ins132_m=3_j=15_t=20_var=12,33.0,2.727290153503418,1,1;4;0;10;13
ins132_m=3_j=15_t=20_var=12,33.0,2.727290153503418,2,4;8;10;7;12
