instance,makespan,execution_time,machine_id,jobs
ins73_m=2_j=15_t=15_var=13,85.0,2.3520379066467285,0,2;13;6;1;12;8;0;14
ins73_m=2_j=15_t=15_var=13,85.0,2.3520379066467285,1,4;11;14;10;1;5;0
