instance,makespan,execution_time,machine_id,jobs
ins324_m=4_j=40_t=120_sw=l_dens=s_var=4,209.0,6.345576286315918,0,25;38;23;27;19;7;34;5;20;31
ins324_m=4_j=40_t=120_sw=l_dens=s_var=4,209.0,6.345576286315918,1,33;34;22;2;3;19;15;31;26;16
ins324_m=4_j=40_t=120_sw=l_dens=s_var=4,209.0,6.345576286315918,2,11;39;17;29;7;19;13;12;10;15
ins324_m=4_j=40_t=120_sw=l_dens=s_var=4,209.0,6.345576286315918,3,34;7;33;17;10;28;29;37;35;0
