instance,makespan,execution_time,machine_id,jobs
ins199_m=4_j=40_t=60_sw=l_dens=d_var=19,523.0,5.91255259513855,0,17;14;3;26;33;32;2;19
ins199_m=4_j=40_t=60_sw=l_dens=d_var=19,523.0,5.91255259513855,1,5;35;25;3;28;33;0;23
ins199_m=4_j=40_t=60_sw=l_dens=d_var=19,523.0,5.91255259513855,2,4;37;39;6;13;16;18;1;27;36
ins199_m=4_j=40_t=60_sw=l_dens=d_var=19,523.0,5.91255259513855,3,12;31;34;38;15;21;24;10;8;9;29;7
