instance,makespan,execution_time,machine_id,jobs
ins136_m=3_j=15_t=20_var=16,40.0,2.7355144023895264,0,7;11;6;4;8
ins136_m=3_j=15_t=20_var=16,40.0,2.7355144023895264,1,7;3;6;12;10
ins136_m=3_j=15_t=20_var=16,40.0,2.7355144023895264,2,4;0;11;6;10
