instance,makespan,execution_time,machine_id,jobs
ins584_m=6_j=120_t=120_sw=l_dens=d_var=4,1871.0,21.242369651794434,0,27;15;47;43;97;76;102;81;74;38;14;56;64;5;110;22;61;98;13;65
ins584_m=6_j=120_t=120_sw=l_dens=d_var=4,1871.0,21.242369651794434,1,15;103;104;1;75;44;6;23;109;31;58;67;21;3;90;27;13;0;24
ins584_m=6_j=120_t=120_sw=l_dens=d_var=4,1871.0,21.242369651794434,2,0;40;66;31;7;71;62;11;106;45;116;87;44;80;92;34;29;72;2
ins584_m=6_j=120_t=120_sw=l_dens=d_var=4,1871.0,21.242369651794434,3,57;10;82;84;96;60;18;78;111;68;53;99;16;118;85;51;69;94;83;114;91
ins584_m=6_j=120_t=120_sw=l_dens=d_var=4,1871.0,21.242369651794434,4,37;20;105;8;16;73;52;71;115;36;79;67;100;4;86;33;3;1;80;84
ins584_m=6_j=120_t=120_sw=l_dens=d_var=4,1871.0,21.242369651794434,5,96;35;26;89;79;107;50;69;59;115;84;54;63;110;112;95;57;55;32;48
