instance,makespan,execution_time,machine_id,jobs
ins416_m=4_j=60_t=120_sw=l_dens=s_var=16,297.0,8.848803281784058,0,12;44;24;4;46;16;48;27;32;14;33;54;20;40;47
ins416_m=4_j=60_t=120_sw=l_dens=s_var=16,297.0,8.848803281784058,1,0;19;42;49;14;56;45;11;47;17;38;52;33;30;12
ins416_m=4_j=60_t=120_sw=l_dens=s_var=16,297.0,8.848803281784058,2,58;43;48;40;10;20;45;11;8;51;36;37;15;52;1
ins416_m=4_j=60_t=120_sw=l_dens=s_var=16,297.0,8.848803281784058,3,15;26;27;42;48;23;57;43;17;35;46;55;47;58;41
