instance,makespan,execution_time,machine_id,jobs
ins117_m=3_j=20_t=15_var=17,46.0,3.1306045055389404,0,13;17;7;18;3;15;8
ins117_m=3_j=20_t=15_var=17,46.0,3.1306045055389404,1,5;8;16;11;9;2;13
ins117_m=3_j=20_t=15_var=17,46.0,3.1306045055389404,2,0;14;16;4;1;6
