instance,makespan,execution_time,machine_id,jobs
ins226_m=4_j=40_t=60_sw=h_dens=d_var=6,927.0,5.942882776260376,0,6;30;4;32;11;18;31;20
ins226_m=4_j=40_t=60_sw=h_dens=d_var=6,927.0,5.942882776260376,1,36;25;27;3;34;16;0
ins226_m=4_j=40_t=60_sw=h_dens=d_var=6,927.0,5.942882776260376,2,9;28;1;23;26;14;10;33;37;13
ins226_m=4_j=40_t=60_sw=h_dens=d_var=6,927.0,5.942882776260376,3,5;13;19;22;29;17;2;21;8;39;35;15;10;24
