instance,makespan,execution_time,machine_id,jobs
ins209_m=4_j=40_t=60_sw=h_dens=s_var=9,191.0,5.804139137268066,0,18;29;21;22;23;35;39;31;10;34
ins209_m=4_j=40_t=60_sw=h_dens=s_var=9,191.0,5.804139137268066,1,33;26;35;22;39;28;4;16;38;37
ins209_m=4_j=40_t=60_sw=h_dens=s_var=9,191.0,5.804139137268066,2,1;21;7;0;17;16;4;37;10;25
ins209_m=4_j=40_t=60_sw=h_dens=s_var=9,191.0,5.804139137268066,3,27;24;19;16;37;35;34;10;22;14
