instance,makespan,execution_time,machine_id,jobs
ins235_m=4_j=40_t=60_sw=h_dens=d_var=15,679.0,6.00466513633728,0,17;6;0;38;37;5;9;13;18
ins235_m=4_j=40_t=60_sw=h_dens=d_var=15,679.0,6.00466513633728,1,1;30;39;8;19;29;28;37;9
ins235_m=4_j=40_t=60_sw=h_dens=d_var=15,679.0,6.00466513633728,2,36;1;23;35;3;33;38;29;12;10
ins235_m=4_j=40_t=60_sw=h_dens=d_var=15,679.0,6.00466513633728,3,11;26;3;28;17;32;2;10;27;21
