instance,makespan,execution_time,machine_id,jobs
ins250_m=4_j=60_t=60_sw=l_dens=s_var=10,268.0,8.115550518035889,0,26;16;49;7;3;28;37;15;47;31;42;5;29;8;54
ins250_m=4_j=60_t=60_sw=l_dens=s_var=10,268.0,8.115550518035889,1,40;23;4;13;22;2;32;45;25;44;43;39;24;33;56
ins250_m=4_j=60_t=60_sw=l_dens=s_var=10,268.0,8.115550518035889,2,43;56;28;40;19;53;52;4;39;48;6;50;26;32;57
ins250_m=4_j=60_t=60_sw=l_dens=s_var=10,268.0,8.115550518035889,3,4;33;36;28;11;37;5;41;47;51;7;46;43;29;19
