instance,makespan,execution_time,machine_id,jobs
ins63_m=2_j=15_t=15_var=3,54.0,2.3184726238250732,0,0;2;8;11;13;1;14;6
ins63_m=2_j=15_t=15_var=3,54.0,2.3184726238250732,1,12;14;6;0;5;10;3
