instance,makespan,execution_time,machine_id,jobs
ins307_m=4_j=60_t=60_sw=h_dens=d_var=7,1172.0,8.223651885986328,0,7;28;56;9;52;18;59;29;4;49;36;57;24
ins307_m=4_j=60_t=60_sw=h_dens=d_var=7,1172.0,8.223651885986328,1,51;4;17;41;1;37;11;39;27;31;16;36;55
ins307_m=4_j=60_t=60_sw=h_dens=d_var=7,1172.0,8.223651885986328,2,30;43;15;34;33;47;46;44;50;8;2;14;45;35;5
ins307_m=4_j=60_t=60_sw=h_dens=d_var=7,1172.0,8.223651885986328,3,54;53;42;40;20;22;0;30;26;58;38;12;23;32;35;25
