instance,makespan,execution_time,machine_id,jobs
ins323_m=4_j=40_t=120_sw=l_dens=s_var=3,186.0,6.3974504470825195,0,16;18;12;34;2;19;24;7;8;1
ins323_m=4_j=40_t=120_sw=l_dens=s_var=3,186.0,6.3974504470825195,1,26;1;19;3;39;2;15;20;21;8
ins323_m=4_j=40_t=120_sw=l_dens=s_var=3,186.0,6.3974504470825195,2,0;10;2;16;22;35;34;26;12;18
ins323_m=4_j=40_t=120_sw=l_dens=s_var=3,186.0,6.3974504470825195,3,10;26;28;19;25;32;16;6;0;39
