instance,makespan,execution_time,machine_id,jobs
ins269_m=4_j=60_t=60_sw=l_dens=d_var=9,615.0,9.69670057296753,0,57;41;19;42;35;34;24;39;40;5;15;2;52;27
ins269_m=4_j=60_t=60_sw=l_dens=d_var=9,615.0,9.69670057296753,1,45;56;26;9;58;2;13;22;59;33;30;21;51;53;44
ins269_m=4_j=60_t=60_sw=l_dens=d_var=9,615.0,9.69670057296753,2,0;17;46;20;11;1;25;37;32;7;54;18;43;47
ins269_m=4_j=60_t=60_sw=l_dens=d_var=9,615.0,9.69670057296753,3,48;17;50;49;4;28;6;27;55;36;7;23;29;16;26;38
