instance,makespan,execution_time,machine_id,jobs
ins381_m=4_j=40_t=120_sw=h_dens=d_var=1,1674.0,6.316720485687256,0,39;1;29;9;30;0;21;33;18
ins381_m=4_j=40_t=120_sw=h_dens=d_var=1,1674.0,6.316720485687256,1,5;25;22;21;17;29;33;23;28
ins381_m=4_j=40_t=120_sw=h_dens=d_var=1,1674.0,6.316720485687256,2,4;13;20;14;15;7;12;35;8;38;26
ins381_m=4_j=40_t=120_sw=h_dens=d_var=1,1674.0,6.316720485687256,3,36;16;27;10;32;6;3;31;34;11;37
