instance,makespan,execution_time,machine_id,jobs
ins439_m=4_j=60_t=120_sw=l_dens=d_var=19,1332.0,8.827574014663696,0,38;34;27;29;16;4;56;59;18;33;54;15;23
ins439_m=4_j=60_t=120_sw=l_dens=d_var=19,1332.0,8.827574014663696,1,9;29;14;53;38;49;26;31;2;7;3;40;22;51;39
ins439_m=4_j=60_t=120_sw=l_dens=d_var=19,1332.0,8.827574014663696,2,51;20;19;37;41;36;24;7;48;55;12;45;44;30;26;32
ins439_m=4_j=60_t=120_sw=l_dens=d_var=19,1332.0,8.827574014663696,3,17;42;46;0;5;47;14;28;50;13;58;57;43;8;10
