instance,makespan,execution_time,machine_id,jobs
ins363_m=4_j=40_t=120_sw=h_dens=s_var=3,357.0,6.369863033294678,0,38;16;10;9;39;0;26;14;20;37
ins363_m=4_j=40_t=120_sw=h_dens=s_var=3,357.0,6.369863033294678,1,4;18;0;22;24;35;14;9;20;3
ins363_m=4_j=40_t=120_sw=h_dens=s_var=3,357.0,6.369863033294678,2,13;22;27;3;17;15;0;33;20;2
ins363_m=4_j=40_t=120_sw=h_dens=s_var=3,357.0,6.369863033294678,3,18;7;9;23;39;24;0;30;10;36
